"Season","Name","Team","G","AB","PA","H","1B","2B","3B","HR","R","RBI","BB","IBB","SO","HBP","SF","SH","GDP","SB","CS","AVG","BB%","K%","BB/K","OBP","SLG","OPS","ISO","BABIP","wRC","wRAA","wOBA","Spd","wRC+","wSB","UBR","wGDP","FB%+","BB%+","LD+%","GB%+","Hard%","Med%","Soft%","Oppo%","Cent%","Pull%","HR/FB","playerid"
"2017","Chase d'Arnaud","Red Sox","2","1","1","1","1","0","0","0","2","0","0","0","0","0","0","0","0","0","0","1.000","0.0 %","0.0 %","0.00","1.000","1.000","2.000",".000","1.000","1","0.5",".877","2.6","474","0.0","0.2","0.0","0","0","0","231","0.0 %","0.0 %","100.0 %","0.0 %","0.0 %","100.0 %","0.0 %","6652"
"2015","Ryan Brett","Rays","3","3","4","2","1","1","0","0","0","0","1","0","0","0","0","0","0","0","0",".667","25.0 %","0.0 %","1.00",".750","1.000","1.750",".333",".667","2","1.3",".706","0.1","371","0.0","0.0","0.0","190","325","0","75","33.3 %","33.3 %","33.3 %","0.0 %","66.7 %","33.3 %","0.0 %","12138"
"2018","Ryan Schimpf","Angels","5","5","7","1","0","0","0","1","2","2","2","0","3","0","0","0","0","0","0",".200","28.6 %","42.9 %","0.67",".429",".800","1.229",".600",".000","2","1.0",".487","2.6","218","0.0","0.1","0.0","137","344","0","118","50.0 %","0.0 %","50.0 %","50.0 %","50.0 %","0.0 %","100.0 %","9953"
"2017","Jose Altuve","Astros","153","590","662","204","137","39","4","24","112","81","58","3","84","9","4","1","19","32","6",".346","8.8 %","12.7 %","0.69",".410",".547",".957",".202",".370","128","47.0",".405","6.4","160","3.4","1.2","-0.6","90","104","100","109","28.2 %","52.8 %","19.0 %","26.3 %","32.9 %","40.8 %","14.6 %","5417"
"2015","Darwin Barney","Blue Jays","15","23","26","7","4","1","0","2","4","4","1","0","2","0","0","2","0","0","0",".304","3.8 %","7.7 %","0.50",".333",".609",".942",".304",".263","5","1.8",".400","1.6","156","0.0","0.0","0.2","122","50","93","86","17.4 %","69.6 %","13.0 %","21.7 %","21.7 %","56.5 %","22.2 %","2430"
"2017","Jose Ramirez","Indians","152","585","645","186","95","56","6","29","107","83","52","5","69","3","5","0","13","17","5",".318","8.1 %","10.7 %","0.75",".374",".583",".957",".265",".319","120","41.1",".396","6.0","146","0.9","-1.4","0.5","109","96","105","90","34.0 %","49.3 %","16.7 %","21.7 %","32.1 %","46.3 %","14.1 %","13510"
"2016","Jose Altuve","Astros","161","640","717","216","145","42","5","24","108","96","60","11","70","7","7","3","15","30","10",".338","8.4 %","9.8 %","0.86",".396",".531",".928",".194",".347","127","42.9",".391","5.8","152","1.5","-0.9","-0.2","90","104","128","95","33.8 %","52.6 %","13.6 %","19.0 %","35.7 %","45.3 %","13.0 %","5417"
"2014","Jose Pirela","Yankees","7","24","25","8","5","1","2","0","6","3","1","0","4","0","0","0","1","0","0",".333","4.0 %","16.0 %","0.25",".360",".542",".902",".208",".400","4","1.5",".388","5.1","152","0.0","0.0","0.0","90","52","76","119","30.0 %","50.0 %","20.0 %","20.0 %","35.0 %","45.0 %","0.0 %","5485"
"2014","Martin Prado","Yankees","37","133","137","42","26","9","0","7","18","16","3","0","23","1","0","0","3","1","0",".316","2.2 %","16.8 %","0.13",".336",".541",".877",".226",".340","22","7.7",".383","3.1","148","0.1","-0.7","-0.5","110","28","111","87","35.5 %","49.1 %","15.5 %","20.0 %","32.7 %","47.3 %","16.7 %","3312"
"2017","Joey Wendle","Athletics","8","13","14","4","2","1","0","1","3","5","1","1","3","0","0","0","0","0","0",".308","7.1 %","21.4 %","0.33",".357",".615",".973",".308",".333","2","0.7",".382","2.6","144","0.0","0.0","0.0","82","85","99","116","40.0 %","20.0 %","40.0 %","30.0 %","30.0 %","40.0 %","33.3 %","13853"
"2014","Christian Colon","Royals","21","45","49","15","9","5","1","0","8","6","3","0","4","0","0","1","1","2","0",".333","6.1 %","8.2 %","0.75",".375",".489",".864",".156",".366","8","2.6",".378","8.5","143","0.4","0.1","0.2","58","79","136","116","19.1 %","50.0 %","31.0 %","38.1 %","23.8 %","38.1 %","0.0 %","11145"
"2017","Eduardo Nunez","Red Sox","38","165","173","53","33","12","0","8","23","27","6","0","25","2","0","0","3","6","2",".321","3.5 %","14.5 %","0.24",".353",".539",".892",".218",".341","29","8.1",".377","4.3","132","0.3","-1.0","0.4","91","41","82","116","30.0 %","49.3 %","20.7 %","24.3 %","32.1 %","43.6 %","17.4 %","6848"
"2019","DJ LeMahieu","Yankees","145","602","655","197","136","33","2","26","109","102","46","0","90","2","4","1","14","5","2",".327","7.0 %","13.7 %","0.51",".375",".518",".893",".191",".349","114","31.1",".375","4.0","136","-0.3","0.6","-1.1","72","83","111","119","40.4 %","45.3 %","14.3 %","33.7 %","38.5 %","27.9 %","19.3 %","9874"
"2019","Jose Altuve","Astros","124","500","548","149","88","27","3","31","89","74","41","0","82","3","3","1","19","6","5",".298","7.5 %","15.0 %","0.50",".353",".550",".903",".252",".303","95","25.6",".374","4.2","138","-1.3","-0.5","-3.2","89","88","83","118","40.8 %","41.7 %","17.5 %","17.3 %","32.7 %","50.0 %","23.3 %","5417"
"2015","Devon Travis","Blue Jays","62","217","238","66","40","18","0","8","38","35","18","0","43","2","1","0","4","3","1",".304","7.6 %","18.1 %","0.42",".361",".498",".859",".194",".347","38","10.9",".370","3.9","136","0.1","0.5","0.5","81","98","105","113","27.8 %","56.3 %","15.9 %","36.4 %","32.4 %","31.3 %","16.0 %","13862"
"2016","Robinson Cano","Mariners","161","655","715","195","121","33","2","39","107","103","47","8","100","8","5","0","18","0","1",".298","6.6 %","14.0 %","0.47",".350",".533",".882",".235",".299","115","30.7",".370","2.2","139","-0.8","-0.7","-0.5","101","82","88","104","35.5 %","46.6 %","17.9 %","25.9 %","35.2 %","38.9 %","19.3 %","3269"
"2016","Brian Dozier","Twins","155","615","691","165","83","35","5","42","104","99","61","6","138","8","5","2","12","18","2",".268","8.8 %","20.0 %","0.44",".340",".546",".886",".278",".280","111","29.5",".370","6.1","132","2.5","2.6","0.3","134","110","78","83","34.7 %","47.1 %","18.2 %","15.3 %","28.3 %","56.4 %","18.4 %","9810"
"2016","Mike Freeman","Mariners","13","13","13","5","4","1","0","0","1","1","0","0","2","0","0","0","1","0","0",".385","0.0 %","15.4 %","0.00",".385",".462",".846",".077",".455","2","0.5",".366","0.8","136","0.0","0.2","-0.1","51","0","178","103","9.1 %","45.5 %","45.5 %","54.6 %","18.2 %","27.3 %","0.0 %","11241"
"2018","Robinson Cano","Mariners","80","310","348","94","62","22","0","10","44","50","32","2","47","4","2","0","9","0","0",".303","9.2 %","13.5 %","0.68",".374",".471",".845",".168",".329","55","13.9",".364","1.3","135","-0.2","1.6","-0.3","81","111","107","113","41.5 %","47.2 %","11.3 %","28.3 %","37.0 %","34.7 %","12.8 %","3269"
"2018","Jose Altuve","Astros","137","534","599","169","125","29","2","13","84","61","55","4","79","6","1","3","17","17","4",".316","9.2 %","13.2 %","0.70",".386",".451",".837",".135",".352","94","23.8",".363","5.0","134","1.3","3.7","-0.3","82","111","113","109","33.3 %","50.1 %","16.6 %","20.0 %","38.6 %","41.4 %","9.6 %","5417"
"2014","Jose Altuve","Astros","158","660","707","225","168","47","3","7","85","59","36","7","53","5","5","1","20","56","9",".341","5.1 %","7.5 %","0.68",".377",".453",".830",".112",".360","105","28.6",".363","6.1","137","7.0","-0.1","-2.2","84","66","110","108","23.8 %","58.2 %","17.9 %","20.6 %","37.7 %","41.8 %","3.9 %","5417"
"2015","Rob Refsnyder","Yankees","16","43","47","13","8","3","0","2","3","5","3","1","7","0","0","0","3","2","0",".302","6.4 %","14.9 %","0.43",".348",".512",".859",".209",".324","7","1.9",".363","3.9","130","0.4","-0.3","-0.5","48","83","81","150","27.8 %","63.9 %","8.3 %","36.1 %","22.2 %","41.7 %","33.3 %","13770"
"2017","Brian Dozier","Twins","152","617","705","167","99","30","4","34","106","93","78","6","141","8","2","0","11","16","7",".271","11.1 %","20.0 %","0.55",".359",".498",".856",".227",".300","110","24.4",".362","5.2","126","-0.2","3.1","0.8","117","131","94","89","34.1 %","50.0 %","15.9 %","17.6 %","32.0 %","50.4 %","16.8 %","9810"
"2014","Mookie Betts","Red Sox","52","189","213","55","37","12","1","5","34","18","21","0","31","2","0","1","2","7","3",".291","9.9 %","14.6 %","0.68",".368",".444",".812",".153",".327","31","8.4",".361","5.6","129","0.0","2.4","0.1","110","128","101","92","35.9 %","50.9 %","13.2 %","29.6 %","35.9 %","34.6 %","8.2 %","13611"
"2014","Robinson Cano","Mariners","157","595","665","187","134","37","2","14","77","82","61","20","68","6","3","0","19","10","3",".314","9.2 %","10.2 %","0.90",".382",".454",".836",".139",".335","97","25.9",".361","3.7","137","0.2","2.5","-1.4","70","119","109","119","28.5 %","53.6 %","17.9 %","28.7 %","36.8 %","34.5 %","10.7 %","3269"
"2019","Luis Arraez","Twins","92","326","366","109","84","20","1","4","54","28","36","1","29","1","3","0","2","2","2",".334","9.8 %","7.9 %","1.24",".399",".439",".838",".104",".355","59","12.8",".360","3.1","125","-0.7","1.4","1.1","80","116","138","98","34.7 %","53.0 %","12.3 %","36.7 %","34.3 %","29.0 %","4.6 %","18568"
"2019","Gleyber Torres","Yankees","144","546","604","152","88","26","0","38","96","90","48","3","129","3","6","1","10","5","2",".278","7.9 %","21.4 %","0.37",".337",".535",".871",".256",".296","96","20.1",".358","3.3","125","-0.2","-0.4","0.1","115","93","98","88","39.7 %","45.4 %","14.9 %","23.6 %","31.9 %","44.4 %","21.5 %","16997"
"2016","Dustin Pedroia","Red Sox","154","633","698","201","149","36","1","15","105","74","61","0","73","0","3","1","24","7","4",".318","8.7 %","10.5 %","0.84",".376",".449",".825",".131",".339","105","23.0",".358","3.5","121","-0.7","-0.9","-2.7","75","109","118","111","31.9 %","52.3 %","15.8 %","31.4 %","33.0 %","35.6 %","9.9 %","8370"
"2016","Ian Kinsler","Tigers","153","618","679","178","117","29","4","28","117","83","45","0","115","13","3","0","5","14","6",".288","6.6 %","16.9 %","0.39",".348",".484",".831",".196",".314","101","21.4",".356","5.8","124","-0.1","2.7","1.3","125","83","117","72","34.0 %","47.4 %","18.6 %","21.0 %","35.0 %","44.1 %","12.5 %","6195"
"2014","Doug Bernier","Twins","7","7","9","2","2","0","0","0","2","0","1","0","2","1","0","0","0","0","0",".286","11.1 %","22.2 %","0.50",".444",".286",".730",".000",".400","1","0.3",".355","2.6","127","0.0","-0.1","0.2","171","144","193","0","20.0 %","80.0 %","0.0 %","40.0 %","60.0 %","0.0 %","0.0 %","4518"
"2015","Jason Kipnis","Indians","141","565","641","171","112","43","7","9","86","52","57","6","107","9","6","4","5","12","8",".303","8.9 %","16.7 %","0.53",".372",".451",".823",".149",".356","93","21.3",".355","5.3","124","-1.1","2.2","2.0","80","116","130","101","30.6 %","54.1 %","15.4 %","28.6 %","36.1 %","35.3 %","6.9 %","9776"
"2017","Jonathan Schoop","Orioles","160","622","675","182","115","35","0","32","92","105","35","0","142","11","7","0","20","1","0",".293","5.2 %","21.0 %","0.25",".338",".503",".841",".211",".330","102","19.3",".355","2.2","120","-0.2","0.2","-2.1","102","62","103","97","36.1 %","40.9 %","23.0 %","19.9 %","34.3 %","45.8 %","17.7 %","11265"
"2019","Brandon Lowe","Rays","82","296","327","80","44","17","2","17","42","51","25","0","113","5","1","0","1","5","0",".270","7.6 %","34.6 %","0.22",".336",".514",".850",".243",".377","51","9.7",".354","5.4","125","0.8","2.5","1.8","117","90","127","72","42.9 %","45.7 %","11.4 %","20.7 %","34.8 %","44.6 %","21.8 %","18882"
"2018","Daniel Robertson","Rays","88","282","340","74","49","16","0","9","46","34","43","0","77","13","2","0","7","2","2",".262","12.6 %","22.6 %","0.56",".382",".415",".797",".152",".328","51","10.9",".354","2.6","128","-0.7","1.7","-0.3","84","152","89","120","34.8 %","43.0 %","22.2 %","25.1 %","33.3 %","41.6 %","14.3 %","14145"
"2014","Jemile Weeks","- - -","17","37","45","11","7","3","1","0","8","3","4","0","2","1","1","2","1","2","0",".297","8.9 %","4.4 %","2.00",".372",".432",".805",".135",".306","6","1.4",".354","8.9","123","0.4","-0.1","0.1","95","115","120","94","15.8 %","65.8 %","18.4 %","50.0 %","31.6 %","18.4 %","0.0 %","2498"
"2019","Tommy La Stella","Angels","80","292","321","86","62","8","0","16","49","44","20","0","28","3","0","0","8","0","0",".295","6.2 %","8.7 %","0.71",".346",".486",".832",".192",".282","49","8.7",".351","1.8","122","-0.2","0.8","-0.7","91","73","100","108","43.2 %","42.4 %","14.4 %","26.5 %","33.7 %","39.8 %","18.4 %","12371"
"2015","Logan Forsythe","Rays","153","540","615","152","100","33","2","17","69","68","55","2","111","14","6","0","12","9","4",".281","8.9 %","18.0 %","0.50",".359",".444",".804",".163",".323","87","17.9",".350","3.9","125","-0.1","-2.1","0.7","116","116","96","89","31.0 %","53.8 %","15.2 %","24.6 %","36.3 %","39.1 %","9.7 %","7185"
"2015","Ben Zobrist","- - -","126","467","535","129","77","36","3","13","76","56","62","3","56","1","5","0","8","3","4",".276","11.6 %","10.5 %","1.11",".359",".450",".809",".173",".288","76","15.5",".349","3.5","122","-1.2","-0.5","1.0","92","151","90","110","28.1 %","54.3 %","17.6 %","22.8 %","31.7 %","45.4 %","9.7 %","7435"
"2018","Whit Merrifield","Royals","158","632","707","192","134","43","3","12","88","60","61","2","114","6","6","2","12","45","10",".304","8.6 %","16.1 %","0.54",".367",".438",".806",".134",".352","103","20.0",".349","6.1","119","4.4","3.1","-0.1","97","104","140","82","36.9 %","47.7 %","15.4 %","31.0 %","35.4 %","33.7 %","6.5 %","11281"
"2018","Gleyber Torres","Yankees","123","431","484","117","76","16","1","24","54","77","42","3","122","5","5","1","8","6","2",".271","8.7 %","25.2 %","0.34",".340",".480",".820",".209",".321","70","13.6",".349","3.3","122","0.1","-1.7","0.6","117","105","116","77","38.4 %","47.6 %","14.0 %","25.1 %","32.7 %","42.2 %","17.9 %","16997"
"2018","Jed Lowrie","Athletics","157","596","680","159","98","37","1","23","78","99","78","1","128","3","3","0","8","0","0",".267","11.5 %","18.8 %","0.61",".353",".448",".801",".181",".304","98","18.1",".347","1.4","123","-0.4","-1.5","2.1","119","138","110","78","40.1 %","46.5 %","13.4 %","25.3 %","32.5 %","42.3 %","11.3 %","4418"
"2015","Jose Altuve","Astros","154","638","689","200","141","40","4","15","86","66","33","8","67","9","6","3","17","38","13",".313","4.8 %","9.7 %","0.49",".353",".459",".812",".146",".329","96","18.7",".347","5.9","124","2.2","-3.9","-2.3","101","62","88","105","25.9 %","54.3 %","19.8 %","19.1 %","35.5 %","45.3 %","7.4 %","5417"
"2016","Jason Kipnis","Indians","156","610","688","168","100","41","4","23","91","82","60","0","146","6","7","5","21","15","3",".275","8.7 %","21.2 %","0.41",".343",".469",".811",".193",".324","98","16.5",".347","5.4","114","1.4","1.9","-2.5","105","109","116","88","35.7 %","50.8 %","13.5 %","24.2 %","35.1 %","40.8 %","13.1 %","9776"
"2017","Jed Lowrie","Athletics","153","567","645","157","91","49","3","14","86","69","73","2","100","2","3","0","10","0","1",".277","11.3 %","15.5 %","0.73",".360",".448",".808",".171",".314","93","14.3",".347","2.7","120","-0.8","-1.3","0.8","119","134","133","68","34.5 %","53.4 %","12.1 %","27.5 %","37.0 %","35.5 %","6.9 %","4418"
"2015","Dustin Pedroia","Red Sox","93","381","425","111","79","19","1","12","46","42","38","1","51","2","3","1","6","2","2",".291","8.9 %","12.0 %","0.75",".356",".441",".797",".150",".308","59","11.4",".347","2.4","117","-0.6","-0.7","0.4","91","116","86","114","25.8 %","56.3 %","18.0 %","21.3 %","38.6 %","40.1 %","11.3 %","8370"
"2019","Aledmys Diaz","Astros","69","210","247","57","35","12","1","9","36","40","26","1","28","5","6","0","10","2","0",".271","10.5 %","11.3 %","0.93",".356",".467",".823",".195",".268","36","5.4",".345","4.4","119","0.3","0.3","-1.2","102","124","80","108","32.5 %","50.5 %","17.0 %","21.3 %","31.9 %","46.8 %","12.9 %","15937"
"2019","Cavan Biggio","Blue Jays","100","354","430","83","48","17","2","16","66","48","71","0","123","2","2","0","0","14","0",".234","16.5 %","28.6 %","0.58",".364",".429",".793",".195",".309","63","8.4",".343","6.4","114","2.5","0.3","2.1","129","194","130","60","39.5 %","48.1 %","12.5 %","18.0 %","32.6 %","49.4 %","14.7 %","19252"
"2019","Eric Sogard","- - -","110","396","442","115","77","23","2","13","59","40","38","2","63","2","3","3","4","8","0",".290","8.6 %","14.3 %","0.60",".353",".457",".810",".167",".316","64","8.5",".342","5.3","115","1.3","2.1","0.9","116","101","121","76","35.1 %","47.2 %","17.7 %","27.7 %","36.3 %","36.0 %","9.3 %","7927"
"2019","Whit Merrifield","Royals","162","681","735","206","139","41","10","16","105","74","45","5","126","5","4","0","8","20","10",".302","6.1 %","17.1 %","0.36",".348",".463",".811",".160",".350","105","12.8",".340","6.3","110","-0.8","1.3","1.0","92","72","134","90","38.4 %","47.9 %","13.8 %","28.0 %","35.5 %","36.6 %","8.7 %","11281"
"2014","Brian Dozier","Twins","156","598","707","145","88","33","1","23","112","71","89","1","129","9","8","3","8","21","7",".242","12.6 %","18.2 %","0.69",".345",".416",".762",".174",".269","92","16.0",".340","5.1","117","0.9","6.6","1.7","122","163","96","84","27.9 %","54.8 %","17.3 %","21.3 %","25.0 %","53.8 %","11.3 %","9810"
"2018","Brock Holt","Red Sox","109","321","367","89","62","18","2","7","41","46","37","2","73","7","2","0","7","7","7",".277","10.1 %","19.9 %","0.51",".362",".411",".774",".134",".337","50","7.1",".338","4.2","109","-1.7","-2.9","-0.2","68","121","114","121","29.2 %","52.0 %","18.8 %","25.2 %","31.6 %","43.2 %","11.5 %","9345"
"2017","Starlin Castro","Yankees","112","443","473","133","98","18","1","16","66","63","23","1","93","4","3","0","9","2","0",".300","4.9 %","19.7 %","0.25",".338",".454",".792",".153",".347","64","6.8",".338","3.5","111","0.1","1.7","-0.5","77","58","99","120","29.2 %","49.0 %","21.8 %","23.8 %","33.4 %","42.8 %","16.2 %","4579"
"2015","Jonathan Schoop","Orioles","86","305","321","85","53","17","0","15","34","39","9","0","79","4","2","1","9","2","0",".279","2.8 %","24.6 %","0.11",".306",".482",".788",".203",".329","42","6.3",".338","2.7","113","0.3","-3.0","-0.5","108","36","94","97","35.8 %","44.1 %","20.1 %","25.8 %","31.4 %","42.8 %","17.4 %","11265"
"2018","Joey Wendle","Rays","139","487","545","146","100","33","6","7","62","61","37","4","96","9","10","2","11","16","4",".300","6.8 %","17.6 %","0.39",".354",".435",".789",".136",".353","74","10.2",".338","6.0","117","1.2","1.3","0.5","89","82","102","109","37.0 %","46.9 %","16.1 %","29.8 %","34.2 %","36.0 %","5.4 %","13853"
"2016","Devon Travis","Blue Jays","101","410","432","123","83","28","1","11","54","50","20","0","87","0","1","1","6","4","1",".300","4.6 %","20.1 %","0.23",".332",".454",".785",".154",".358","58","6.7",".337","3.8","111","0.2","1.4","0.7","97","58","94","106","29.2 %","48.3 %","22.5 %","31.7 %","33.2 %","35.1 %","9.9 %","13862"
"2016","Rougned Odor","Rangers","150","605","632","164","94","33","4","33","89","88","19","0","135","4","4","0","6","14","7",".271","3.0 %","21.4 %","0.14",".296",".502",".798",".231",".297","84","9.3",".336","5.5","103","-0.3","1.5","2.7","119","37","86","91","35.4 %","49.2 %","15.4 %","19.2 %","33.5 %","47.3 %","17.0 %","12282"
"2016","Logan Forsythe","Rays","127","511","567","135","87","24","4","20","76","52","46","0","127","8","2","0","8","6","6",".264","8.1 %","22.4 %","0.36",".333",".444",".778",".180",".314","75","8.2",".336","4.5","113","-1.6","2.6","-0.8","99","101","112","95","36.0 %","52.3 %","11.7 %","28.0 %","32.9 %","39.1 %","14.7 %","7185"
"2019","Jonathan Villar","Orioles","162","642","714","176","114","33","5","24","111","73","61","0","176","4","4","2","8","40","9",".274","8.5 %","24.6 %","0.35",".339",".453",".792",".179",".341","99","9.6",".335","7.1","107","3.7","5.7","1.1","86","100","93","116","29.0 %","49.2 %","21.8 %","26.7 %","33.7 %","39.6 %","16.7 %","10071"
"2015","Robinson Cano","Mariners","156","624","674","179","123","34","1","21","82","79","43","5","107","3","4","0","26","2","6",".287","6.4 %","15.9 %","0.40",".334",".446",".779",".159",".316","88","11.9",".335","2.3","116","-2.3","-3.4","-2.6","72","83","118","114","32.4 %","51.1 %","16.5 %","22.7 %","41.1 %","36.3 %","15.9 %","3269"
"2015","Ian Kinsler","Tigers","154","624","675","185","132","35","7","11","94","73","43","0","80","3","5","0","13","10","6",".296","6.4 %","11.9 %","0.54",".342",".428",".770",".131",".323","87","11.5",".335","5.4","110","-0.7","1.6","-0.4","116","83","124","76","26.4 %","56.5 %","17.1 %","24.0 %","34.1 %","41.9 %","5.0 %","6195"
"2017","Robinson Cano","Mariners","150","592","648","166","110","33","0","23","79","97","49","8","85","4","3","0","18","1","0",".280","7.6 %","13.1 %","0.58",".338",".453",".791",".172",".294","86","7.3",".334","2.0","112","-0.2","-2.0","-0.8","84","90","96","116","36.9 %","50.4 %","12.8 %","24.9 %","35.7 %","39.4 %","14.7 %","3269"
"2015","Steve Tolleson","Blue Jays","19","41","45","11","5","5","1","0","9","3","4","0","9","0","0","0","1","2","0",".268","8.9 %","20.0 %","0.44",".333",".439",".772",".171",".344","6","0.7",".334","9.1","110","0.4","0.1","0.2","67","116","81","135","21.9 %","50.0 %","28.1 %","28.1 %","31.3 %","40.6 %","0.0 %","4450"
"2015","Rougned Odor","Rangers","120","426","470","111","65","21","9","16","54","61","23","2","79","14","5","2","3","6","7",".261","4.9 %","16.8 %","0.29",".316",".465",".781",".204",".283","61","7.7",".334","5.5","107","-1.7","1.6","2.1","113","64","71","103","29.1 %","50.0 %","20.9 %","21.5 %","31.6 %","46.9 %","11.8 %","12282"
"2018","Brandon Lowe","Rays","43","129","148","30","16","6","2","6","16","25","16","0","38","2","1","0","3","2","1",".233","10.8 %","25.7 %","0.42",".324",".450",".774",".217",".279","20","2.3",".334","5.4","114","-0.1","0.9","-0.4","95","130","102","103","34.8 %","46.7 %","18.5 %","25.0 %","32.6 %","42.4 %","18.8 %","18882"
"2019","Shed Long","Mariners","42","152","168","40","22","12","1","5","21","15","16","0","40","0","0","0","1","3","3",".263","9.5 %","23.8 %","0.40",".333",".454",".787",".191",".327","23","2.0",".333","4.4","111","-0.8","1.6","0.3","86","112","101","112","33.0 %","48.2 %","18.8 %","27.7 %","33.0 %","39.3 %","14.3 %","16542"
"2014","Ben Zobrist","Rays","146","570","654","155","108","34","3","10","83","52","75","4","84","1","6","2","8","10","5",".272","11.5 %","12.8 %","0.89",".354",".395",".749",".123",".301","82","11.6",".333","4.4","117","-0.6","1.6","1.2","93","149","89","111","27.9 %","52.4 %","19.6 %","21.7 %","30.4 %","48.0 %","6.3 %","7435"
"2019","Brock Holt","Red Sox","87","259","295","77","58","14","2","3","38","31","28","1","57","4","4","0","4","1","0",".297","9.5 %","19.3 %","0.49",".369",".402",".771",".104",".365","40","3.3",".333","3.9","103","0.0","-1.8","0.6","76","112","116","113","35.4 %","50.0 %","14.6 %","25.7 %","38.4 %","35.9 %","5.3 %","9345"
"2017","Whit Merrifield","Royals","145","587","630","169","112","32","6","19","80","78","29","0","88","6","7","1","13","34","8",".288","4.6 %","14.0 %","0.33",".324",".460",".784",".172",".308","83","6.0",".332","6.7","105","3.0","2.2","-0.8","111","55","108","87","30.6 %","54.0 %","15.4 %","30.8 %","35.7 %","33.5 %","9.4 %","11281"
"2017","Dustin Pedroia","Red Sox","105","406","463","119","93","19","0","7","46","62","49","4","48","2","4","2","11","4","3",".293","10.6 %","10.4 %","1.02",".369",".392",".760",".099",".315","61","4.1",".331","2.2","101","-0.8","-3.5","-0.4","79","126","111","113","25.9 %","54.0 %","20.1 %","25.6 %","38.0 %","36.4 %","6.7 %","8370"
"2019","Michael Brosseau","Rays","51","132","142","36","23","7","0","6","17","16","7","0","39","2","0","1","3","1","0",".273","4.9 %","27.5 %","0.18",".319",".462",".781",".189",".345","19","1.1",".329","3.1","108","0.1","1.0","0.1","118","58","81","94","41.5 %","30.9 %","27.7 %","29.8 %","30.9 %","39.4 %","15.0 %","19683"
"2015","Josh Wilson","Tigers","21","38","41","12","9","3","0","0","4","5","0","0","15","2","0","1","1","0","0",".316","0.0 %","36.6 %","0.00",".350",".395",".745",".079",".522","5","0.5",".328","1.6","106","0.0","0.6","0.0","87","0","190","69","16.7 %","66.7 %","16.7 %","37.5 %","25.0 %","37.5 %","0.0 %","2102"
"2014","Howie Kendrick","Angels","157","617","674","181","136","33","5","7","85","75","48","8","110","4","2","3","15","14","5",".293","7.1 %","16.3 %","0.44",".347",".397",".744",".104",".347","82","9.1",".328","5.2","114","0.2","1.1","-0.4","60","92","91","136","37.3 %","51.0 %","11.7 %","33.2 %","34.8 %","32.0 %","6.5 %","4229"
"2017","Yoan Moncada","White Sox","54","199","231","46","28","8","2","8","31","22","29","0","74","3","0","0","0","3","2",".231","12.6 %","32.0 %","0.39",".338",".412",".750",".181",".325","29","1.3",".327","5.3","105","-0.4","0.6","1.5","97","149","95","105","36.0 %","49.6 %","14.4 %","27.2 %","31.2 %","41.6 %","18.2 %","17232"
"2019","Mike Freeman","Indians","75","177","213","49","37","8","0","4","27","24","22","0","61","4","4","6","2","1","2",".277","10.3 %","28.6 %","0.36",".362",".390",".752",".113",".388","28","1.3",".327","2.3","99","-0.8","1.7","0.9","71","121","117","116","34.1 %","53.2 %","12.7 %","31.0 %","34.1 %","34.9 %","13.3 %","11241"
"2018","Rougned Odor","Rangers","129","474","535","120","77","23","2","18","76","63","43","2","127","11","5","2","5","12","12",".253","8.0 %","23.7 %","0.34",".326",".424",".751",".171",".305","67","4.3",".325","4.9","95","-2.8","0.6","2.3","108","97","92","97","45.2 %","39.8 %","15.0 %","17.5 %","35.9 %","46.6 %","13.7 %","12282"
"2019","Jonathan Schoop","Twins","121","433","464","111","64","23","1","23","61","59","20","1","116","10","1","0","13","1","1",".256","4.3 %","25.0 %","0.17",".304",".473",".777",".217",".298","60","1.7",".324","2.9","100","-0.4","0.7","-1.1","101","51","93","103","38.7 %","37.7 %","23.6 %","20.4 %","33.0 %","46.5 %","19.7 %","11265"
"2015","Doug Bernier","Twins","4","5","6","1","0","1","0","0","1","2","1","0","3","0","0","0","0","0","0",".200","16.7 %","50.0 %","0.33",".333",".400",".733",".200",".500","1","0.1",".324","2.6","102","0.0","0.0","0.0","143","217","243","0","0.0 %","100.0 %","0.0 %","100.0 %","0.0 %","0.0 %","0.0 %","4518"
"2016","Marco Hernandez","Red Sox","40","51","56","15","13","1","0","1","11","5","5","0","10","0","0","0","0","1","0",".294","8.9 %","17.9 %","0.50",".357",".373",".730",".078",".350","7","0.3",".324","5.2","97","0.2","0.6","0.4","55","111","84","144","19.5 %","41.5 %","39.0 %","26.8 %","36.6 %","36.6 %","12.5 %","13154"
"2019","Michael Chavis","Red Sox","95","347","382","88","59","10","1","18","46","58","31","2","127","4","0","0","11","2","1",".254","8.1 %","33.2 %","0.24",".322",".444",".766",".190",".347","49","1.1",".323","3.1","96","-0.2","-1.7","-0.4","97","95","92","107","33.6 %","45.5 %","20.9 %","23.6 %","39.1 %","37.3 %","23.1 %","17321"
"2015","Brian Dozier","Twins","157","628","704","148","77","39","4","28","101","77","61","2","148","7","8","0","10","12","4",".236","8.7 %","21.0 %","0.41",".307",".444",".751",".209",".261","85","5.4",".323","5.6","102","0.6","1.6","0.7","126","113","110","75","29.2 %","52.0 %","18.9 %","15.6 %","24.2 %","60.2 %","13.1 %","9810"
"2018","Christian Arroyo","Rays","20","53","59","14","10","2","1","1","5","6","6","0","16","0","0","0","0","0","0",".264","10.2 %","27.1 %","0.38",".339",".396",".735",".132",".361","7","0.4",".323","3.3","107","0.0","-0.2","0.2","45","123","64","166","51.4 %","35.1 %","13.5 %","18.9 %","32.4 %","48.7 %","16.7 %","16434"
"2018","Lourdes Gurriel Jr.","Blue Jays","65","249","263","70","51","8","0","11","30","35","9","1","59","2","2","1","2","1","2",".281","3.4 %","22.4 %","0.15",".309",".446",".755",".165",".326","32","1.6",".322","1.9","103","-0.8","-0.6","0.6","91","41","112","102","30.6 %","53.9 %","15.5 %","28.0 %","26.9 %","45.1 %","17.5 %","19238"
"2018","Niko Goodrum","Tigers","131","444","492","109","61","29","3","16","55","53","42","1","132","4","2","0","9","12","4",".245","8.5 %","26.8 %","0.32",".315",".432",".747",".187",".312","61","3.0",".322","5.2","102","0.5","1.7","0.5","91","103","107","104","36.6 %","47.5 %","15.9 %","28.3 %","31.2 %","40.5 %","15.5 %","12092"
"2015","Brock Holt","Red Sox","129","454","509","127","92","27","6","2","56","45","46","0","97","3","2","4","7","8","1",".280","9.0 %","19.1 %","0.47",".349",".379",".727",".099",".350","61","3.4",".322","5.8","99","0.9","3.7","0.6","67","117","116","119","25.9 %","56.2 %","17.9 %","26.5 %","40.2 %","33.3 %","2.4 %","9345"
"2018","Jonathan Villar","Orioles","54","209","236","54","42","4","0","8","28","24","22","0","58","3","1","1","4","21","3",".258","9.3 %","24.6 %","0.38",".336",".392",".729",".134",".319","29","1.3",".321","5.5","101","2.8","1.0","-0.3","93","112","87","112","28.1 %","54.3 %","17.7 %","29.4 %","33.3 %","37.3 %","16.0 %","10071"
"2016","Jonathan Schoop","Orioles","162","615","647","164","100","38","1","25","82","82","21","0","137","8","3","0","16","1","2",".267","3.2 %","21.2 %","0.15",".298",".454",".752",".187",".305","77","1.2",".320","2.4","99","-0.9","0.6","-0.5","98","40","97","103","26.6 %","48.0 %","25.4 %","24.3 %","31.0 %","44.7 %","14.9 %","11265"
"2014","Brett Lawrie","Blue Jays","70","259","282","64","43","9","0","12","27","38","16","0","49","5","2","0","0","0","0",".247","5.7 %","17.4 %","0.33",".301",".421",".722",".174",".260","32","2.1",".320","0.9","103","-0.2","0.1","1.5","112","74","66","106","33.5 %","47.6 %","18.9 %","34.4 %","28.3 %","37.3 %","14.5 %","5247"
"2017","Tzu-Wei Lin","Red Sox","25","56","66","15","13","0","2","0","7","2","9","0","17","0","0","1","0","1","1",".268","13.6 %","25.8 %","0.53",".369",".339",".709",".071",".385","8","-0.1",".319","5.2","93","-0.3","-0.1","0.5","87","162","117","103","30.0 %","45.0 %","25.0 %","20.0 %","57.5 %","22.5 %","0.0 %","14678"
"2014","Ian Kinsler","Tigers","161","684","726","188","127","40","4","17","100","92","29","1","79","5","5","3","20","15","4",".275","4.0 %","10.9 %","0.37",".307",".420",".727",".145",".288","83","5.0",".319","5.6","103","0.9","6.7","-1.9","122","52","94","85","24.0 %","56.9 %","19.1 %","21.0 %","30.7 %","48.3 %","6.5 %","6195"
"2019","Hanser Alberto","Orioles","139","524","550","160","125","21","2","12","62","51","16","1","50","4","3","3","9","4","4",".305","2.9 %","9.1 %","0.32",".329",".422",".751",".116",".318","69","-0.7",".318","3.2","96","-1.3","-0.2","-0.2","89","34","98","111","24.6 %","57.9 %","17.5 %","22.1 %","34.4 %","43.5 %","8.0 %","11902"
"2014","Dustin Pedroia","Red Sox","135","551","609","153","113","33","0","7","72","53","51","1","75","1","6","0","14","6","6",".278","8.4 %","12.3 %","0.68",".337",".376",".712",".098",".307","69","3.6",".318","2.8","98","-1.7","0.8","-0.1","79","109","115","110","29.9 %","55.8 %","14.3 %","24.3 %","33.2 %","42.5 %","5.2 %","8370"
"2019","Brad Miller","Indians","13","36","40","9","5","3","0","1","4","4","4","0","10","0","0","0","0","1","0",".250","10.0 %","25.0 %","0.40",".325",".417",".742",".167",".320","5","-0.1",".317","4.2","93","0.2","-0.7","0.1","126","118","98","79","19.2 %","69.2 %","11.5 %","46.2 %","26.9 %","26.9 %","9.1 %","12775"
"2018","Franklin Barreto","Athletics","32","73","75","17","8","4","0","5","10","16","1","0","29","1","0","0","3","0","0",".233","1.3 %","38.7 %","0.03",".253",".493",".746",".260",".308","9","0.0",".315","1.9","101","0.0","0.8","-0.2","153","16","44","82","40.9 %","38.6 %","20.5 %","20.5 %","34.1 %","45.5 %","20.8 %","15519"
"2016","Tim Beckham","Rays","64","198","215","49","27","12","5","5","25","16","14","0","67","1","0","2","3","2","1",".247","6.5 %","31.2 %","0.21",".300",".434",".735",".187",".349","25","-0.7",".314","5.8","98","-0.1","-0.9","0.1","102","81","87","105","36.1 %","43.6 %","20.3 %","23.3 %","35.3 %","41.4 %","10.6 %","7949"
"2017","Yolmer Sanchez","White Sox","141","484","534","129","90","19","8","12","63","59","35","2","111","4","4","7","10","8","9",".267","6.6 %","20.8 %","0.32",".319",".413",".732",".147",".321","61","-3.6",".313","5.3","95","-2.5","1.7","-0.5","93","78","106","103","24.0 %","56.8 %","19.3 %","30.0 %","36.7 %","33.3 %","9.4 %","11602"
"2016","Starlin Castro","Yankees","151","577","610","156","105","29","1","21","63","70","24","1","118","3","5","1","15","4","0",".270","3.9 %","19.3 %","0.20",".300",".433",".734",".163",".305","69","-2.7",".313","3.1","93","0.5","-1.2","-0.8","85","49","101","112","31.2 %","52.7 %","16.1 %","25.2 %","34.8 %","40.0 %","15.0 %","4579"
"2016","Tyler Saladino","White Sox","93","298","319","84","62","14","0","8","33","38","13","0","62","3","3","2","11","11","5",".282","4.1 %","19.4 %","0.21",".315",".409",".725",".128",".329","36","-1.4",".313","4.0","96","0.0","1.5","-1.4","81","51","97","117","25.3 %","52.7 %","22.0 %","25.7 %","34.9 %","39.4 %","11.8 %","10807"
"2017","Ian Kinsler","Tigers","139","551","613","130","80","25","3","22","90","52","55","2","86","7","0","0","9","14","5",".236","9.0 %","14.0 %","0.64",".313",".412",".725",".176",".244","70","-4.3",".313","5.6","92","0.3","1.7","-0.5","128","107","102","76","37.0 %","44.3 %","18.7 %","26.2 %","34.8 %","38.9 %","10.2 %","6195"
"2015","Christian Colon","Royals","43","107","119","31","26","5","0","0","8","6","11","0","17","0","0","1","2","3","2",".290","9.2 %","14.3 %","0.65",".356",".336",".692",".047",".344","13","-0.2",".311","2.7","94","-0.3","-1.0","-0.1","83","120","130","100","15.4 %","60.4 %","24.2 %","29.7 %","40.7 %","29.7 %","0.0 %","11145"
"2018","Yoan Moncada","White Sox","149","578","650","136","81","32","6","17","73","61","67","1","217","1","2","2","4","12","6",".235","10.3 %","33.4 %","0.31",".315",".400",".714",".164",".344","74","-1.8",".311","5.5","97","-0.4","0.9","1.7","110","124","107","88","36.7 %","49.0 %","14.3 %","25.8 %","32.9 %","41.4 %","11.7 %","17232"
"2016","Brett Lawrie","White Sox","94","351","384","87","53","22","0","12","35","36","30","2","109","2","1","0","3","7","3",".248","7.8 %","28.4 %","0.28",".310",".413",".723",".165",".325","43","-2.2",".311","3.1","95","0.0","2.0","1.6","119","97","95","87","28.8 %","50.2 %","21.0 %","24.3 %","34.2 %","41.6 %","11.7 %","5247"
"2018","Richard Urena","Blue Jays","40","99","108","29","24","4","0","1","10","6","7","0","32","0","0","2","3","2","1",".293","6.5 %","29.6 %","0.22",".340",".364",".703",".071",".424","12","-0.3",".311","3.1","95","-0.1","0.3","-0.5","82","78","134","99","37.7 %","36.2 %","26.1 %","30.4 %","33.3 %","36.2 %","5.0 %","16411"
"2015","Reynaldo Navarro","Orioles","10","29","30","8","5","2","0","1","5","3","0","0","3","0","0","1","0","0","0",".276","0.0 %","10.0 %","0.00",".276",".448",".724",".172",".280","3","-0.1",".310","2.6","94","0.0","0.2","0.2","176","0","93","43","14.8 %","63.0 %","22.2 %","29.6 %","25.9 %","44.4 %","6.3 %","6008"
"2016","Whit Merrifield","Royals","81","311","332","88","61","22","3","2","44","29","19","1","72","0","1","1","1","8","3",".283","5.7 %","21.7 %","0.26",".323",".392",".716",".109",".361","37","-2.4",".309","5.9","91","0.2","1.3","2.1","84","71","125","102","35.7 %","52.3 %","12.0 %","32.4 %","33.2 %","34.4 %","2.9 %","11281"
"2018","Brian Dozier","Twins","104","410","462","93","54","21","2","16","65","52","46","1","96","3","3","0","7","8","3",".227","10.0 %","20.8 %","0.48",".307",".405",".712",".178",".256","52","-2.1",".309","5.2","93","0.1","0.1","-0.2","123","120","72","94","35.3 %","47.0 %","17.7 %","17.0 %","32.5 %","50.5 %","11.3 %","9810"
"2018","Jason Kipnis","Indians","147","530","601","122","75","28","1","18","65","75","60","1","112","7","3","1","5","7","1",".230","10.0 %","18.6 %","0.54",".315",".389",".704",".158",".258","67","-3.1",".308","3.9","89","0.6","0.0","1.9","123","120","102","79","34.8 %","46.0 %","19.2 %","24.2 %","36.5 %","39.3 %","9.7 %","9776"
"2019","Thairo Estrada","Yankees","35","64","69","16","10","3","0","3","12","12","3","0","15","1","0","1","1","4","0",".250","4.3 %","21.7 %","0.20",".294",".438",".732",".188",".283","8","-0.7",".308","7.0","91","0.8","0.2","0.2","73","51","96","126","28.0 %","66.0 %","6.0 %","30.0 %","42.0 %","28.0 %","23.1 %","16426"
"2017","Devon Travis","Blue Jays","50","185","197","48","25","18","0","5","22","24","7","0","38","2","2","1","5","4","2",".259","3.6 %","19.3 %","0.18",".291",".438",".729",".178",".299","22","-2.2",".308","4.1","90","-0.1","0.3","-0.3","100","42","130","86","32.2 %","49.0 %","18.8 %","32.9 %","32.9 %","34.2 %","9.3 %","13862"
"2014","Rougned Odor","Rangers","114","386","417","100","70","14","7","9","39","48","17","1","71","5","3","6","7","4","7",".259","4.1 %","17.0 %","0.24",".297",".402",".698",".142",".294","44","-1.1",".306","4.9","91","-2.2","1.5","-0.1","102","53","72","111","25.3 %","50.3 %","24.4 %","27.8 %","33.3 %","38.9 %","8.0 %","12282"
"2019","Tony Kemp","Astros","66","163","186","37","22","6","2","7","23","17","16","1","29","4","2","1","2","4","3",".227","8.6 %","15.6 %","0.55",".308",".417",".725",".190",".233","21","-2.2",".306","5.5","92","-0.6","-0.8","0.2","116","101","71","100","35.0 %","48.9 %","16.1 %","25.6 %","21.9 %","52.6 %","12.5 %","14894"
"2018","Jon Berti","Blue Jays","4","15","15","4","2","1","1","0","2","2","0","0","4","0","0","0","0","1","0",".267","0.0 %","26.7 %","0.00",".267",".467",".733",".200",".364","2","-0.1",".306","10.0","92","0.2","0.0","0.0","50","0","171","107","63.6 %","27.3 %","9.1 %","27.3 %","54.6 %","18.2 %","0.0 %","12037"
"2015","Brett Lawrie","Athletics","149","562","602","146","98","29","3","16","64","60","28","1","144","5","4","3","8","5","2",".260","4.7 %","23.9 %","0.19",".299",".407",".706",".148",".320","64","-3.7",".306","4.0","94","0.0","0.1","2.1","93","60","90","110","29.4 %","53.7 %","16.9 %","25.2 %","36.7 %","38.1 %","11.6 %","5247"
"2018","Jonathan Schoop","Orioles","85","349","367","85","49","18","1","17","45","40","12","1","74","3","2","1","8","0","1",".244","3.3 %","20.2 %","0.16",".273",".447",".720",".203",".262","40","-2.8",".305","2.5","90","-0.6","-1.1","-0.5","105","39","82","104","26.6 %","47.8 %","25.5 %","22.3 %","36.3 %","41.4 %","16.0 %","11265"
"2014","Sean Rodriguez","Rays","96","237","259","50","22","13","3","12","30","41","10","0","66","6","3","3","3","2","1",".211","3.9 %","25.5 %","0.15",".258",".443",".701",".232",".235","27","-1.0",".305","5.5","97","-0.1","-0.4","0.3","126","50","82","88","34.5 %","46.3 %","19.2 %","20.3 %","24.9 %","54.8 %","15.8 %","6589"
"2019","Tyler Wade","Yankees","43","94","108","23","17","3","1","2","16","11","11","0","28","1","0","2","0","7","0",".245","10.2 %","25.9 %","0.39",".330",".362",".692",".117",".328","12","-1.5",".303","8.1","88","1.3","0.6","0.6","97","120","61","122","26.5 %","51.5 %","22.1 %","23.5 %","38.2 %","38.2 %","9.1 %","15730"
"2015","Johnny Giavotella","Angels","129","453","502","123","89","25","5","4","51","49","32","0","59","2","6","9","7","2","1",".272","6.4 %","11.8 %","0.54",".318",".375",".694",".104",".301","52","-4.0",".303","3.9","93","-0.2","0.3","1.4","87","83","115","103","18.6 %","58.9 %","22.5 %","24.7 %","38.6 %","36.7 %","3.3 %","6740"
"2016","Darwin Barney","Blue Jays","104","279","306","75","56","13","2","4","35","19","22","1","48","1","2","2","8","2","2",".269","7.2 %","15.7 %","0.46",".322",".373",".695",".104",".310","32","-3.9",".303","3.8","88","-0.6","1.3","-0.8","85","90","110","108","27.7 %","52.8 %","19.6 %","26.8 %","34.5 %","38.7 %","5.7 %","2430"
"2014","Steve Tolleson","Blue Jays","109","170","189","43","31","7","2","3","21","16","12","0","49","2","1","4","3","3","1",".253","6.3 %","25.9 %","0.24",".308",".371",".679",".118",".336","19","-1.1",".303","5.8","91","0.1","-2.2","-0.1","119","82","92","89","22.2 %","61.1 %","16.7 %","23.0 %","31.8 %","45.2 %","6.0 %","4450"
"2016","Donovan Solano","Yankees","9","22","23","5","2","2","0","1","5","2","1","0","3","0","0","0","0","0","0",".227","4.3 %","13.0 %","0.33",".261",".455",".715",".227",".222","2","-0.3",".302","2.6","86","0.0","0.0","0.1","118","54","26","120","21.1 %","63.2 %","15.8 %","36.8 %","15.8 %","47.4 %","12.5 %","8623"
"2019","Rougned Odor","Rangers","145","522","581","107","46","30","1","30","77","93","52","2","178","5","1","1","4","11","9",".205","9.0 %","30.6 %","0.29",".283",".439",".721",".234",".244","64","-9.2",".302","4.4","77","-1.9","1.5","2.6","131","105","82","82","45.7 %","36.4 %","17.9 %","19.1 %","33.5 %","47.4 %","18.8 %","12282"
"2019","Jurickson Profar","Athletics","139","459","518","100","54","24","2","20","65","67","48","2","75","8","3","0","12","9","1",".218","9.3 %","14.5 %","0.64",".301",".410",".711",".192",".218","57","-8.3",".301","5.1","89","1.1","0.7","0.0","101","109","102","98","37.7 %","40.3 %","22.0 %","22.5 %","27.7 %","49.9 %","14.0 %","10815"
"2019","Jason Kipnis","Indians","121","458","511","112","71","23","1","17","52","65","40","2","88","2","6","5","7","7","2",".245","7.8 %","17.2 %","0.45",".304",".410",".715",".166",".265","56","-8.2",".301","3.7","82","0.3","-0.6","0.3","113","92","89","94","36.8 %","48.8 %","14.4 %","22.3 %","34.4 %","43.3 %","11.1 %","9776"
"2014","Marcus Semien","White Sox","64","231","255","54","36","10","2","6","30","28","21","0","70","1","0","2","6","3","0",".234","8.2 %","27.5 %","0.30",".300",".372",".673",".139",".310","26","-1.7",".301","5.4","91","0.4","0.4","-0.7","111","107","100","91","24.5 %","60.7 %","14.7 %","22.1 %","34.4 %","43.6 %","9.7 %","12533"
"2017","Kaleb Cowart","Angels","50","102","117","23","14","5","1","3","18","11","10","1","28","3","0","2","4","4","2",".225","8.5 %","23.9 %","0.36",".313",".382",".695",".157",".282","12","-2.0",".301","7.1","88","-0.1","1.3","-0.3","94","101","95","108","30.3 %","47.4 %","22.4 %","23.7 %","40.8 %","35.5 %","12.0 %","11494"
"2017","Jason Kipnis","Indians","90","336","373","78","41","25","0","12","43","35","28","0","71","2","5","2","0","6","2",".232","7.5 %","19.0 %","0.39",".291",".414",".705",".182",".256","39","-6.5",".300","3.8","80","0.2","1.6","2.0","121","89","97","84","30.2 %","47.8 %","22.1 %","27.2 %","33.1 %","39.7 %","10.1 %","9776"
"2015","Tim Beckham","Rays","83","203","223","45","25","7","4","9","24","37","13","0","69","3","4","0","3","3","1",".222","5.8 %","30.9 %","0.19",".274",".429",".702",".207",".279","23","-2.4",".300","6.1","91","0.1","-0.8","0.5","88","76","93","113","28.3 %","55.1 %","16.7 %","18.8 %","30.4 %","50.7 %","21.4 %","7949"
"2018","Logan Forsythe","Twins","50","178","205","46","40","6","0","0","19","14","24","0","40","3","0","0","5","1","0",".258","11.7 %","19.5 %","0.60",".356",".292",".648",".034",".333","21","-2.6",".299","2.5","86","0.0","0.5","-0.2","68","141","96","130","33.3 %","47.8 %","18.8 %","29.0 %","35.5 %","35.5 %","0.0 %","7185"
"2016","Erik Gonzalez","Indians","21","16","17","5","5","0","0","0","2","0","1","0","8","0","0","0","0","0","1",".313","5.9 %","47.1 %","0.13",".353",".313",".665",".000",".625","2","-0.3",".299","2.9","81","-0.4","0.1","0.1","35","73","61","170","37.5 %","12.5 %","50.0 %","12.5 %","25.0 %","62.5 %","0.0 %","13369"
"2019","Luis Rengifo","Angels","108","357","406","85","57","18","3","7","44","33","40","0","93","5","3","1","6","2","5",".238","9.9 %","22.9 %","0.43",".321",".364",".685",".126",".300","44","-7.6",".298","3.8","86","-2.0","2.2","0.3","83","116","102","113","32.5 %","51.1 %","16.4 %","26.9 %","32.5 %","40.7 %","8.6 %","19858"
"2018","Ian Kinsler","- - -","128","487","534","117","77","26","0","14","66","48","40","0","64","4","3","0","15","16","7",".240","7.5 %","12.0 %","0.63",".301",".380",".681",".140",".250","55","-7.3",".298","4.4","87","0.1","2.5","-1.8","115","90","101","86","29.3 %","50.9 %","19.7 %","22.5 %","33.8 %","43.7 %","7.8 %","6195"
"2019","Breyvic Valera","- - -","17","47","52","11","7","2","1","1","7","6","4","0","7","1","0","0","1","0","0",".234","7.7 %","13.5 %","0.57",".308",".383",".691",".149",".256","6","-1.0",".297","4.7","84","0.0","0.3","-0.1","134","90","60","91","35.0 %","50.0 %","15.0 %","25.0 %","37.5 %","37.5 %","5.3 %","12758"
"2015","Ryan Goins","Blue Jays","128","376","428","94","69","16","4","5","52","45","39","0","83","1","5","7","12","2","1",".250","9.1 %","19.4 %","0.47",".318",".354",".672",".104",".304","43","-5.5",".297","4.6","85","-0.2","2.2","-0.4","80","118","88","122","24.9 %","52.1 %","23.0 %","29.5 %","36.4 %","34.1 %","6.1 %","9807"
"2017","Ronald Torreyes","Yankees","108","315","336","92","73","15","1","3","35","36","11","0","43","1","4","5","9","2","0",".292","3.3 %","12.8 %","0.26",".314",".375",".689",".083",".326","34","-6.8",".297","3.5","83","0.2","0.1","0.1","83","39","85","121","17.4 %","59.1 %","23.5 %","24.2 %","31.7 %","44.1 %","3.6 %","11400"
"2018","David Fletcher","Angels","80","284","307","78","57","18","2","1","35","25","15","0","34","3","2","3","7","3","0",".275","4.9 %","11.1 %","0.44",".316",".363",".678",".088",".307","31","-4.4",".297","5.1","88","0.4","2.2","-0.6","93","59","126","93","29.0 %","49.4 %","21.6 %","24.7 %","32.2 %","43.1 %","1.2 %","17992"
"2018","Erik Gonzalez","Indians","81","136","143","36","24","10","1","1","17","16","5","0","34","2","0","0","0","3","0",".265","3.5 %","23.8 %","0.15",".301",".375",".676",".110",".347","14","-2.4",".294","6.3","80","0.5","0.1","0.5","63","42","103","131","39.2 %","42.2 %","18.6 %","25.5 %","39.2 %","35.3 %","4.3 %","13369"
"2017","Brad Miller","Rays","110","338","407","68","43","13","3","9","43","40","63","4","110","2","4","0","5","5","3",".201","15.5 %","27.0 %","0.57",".327",".337",".664",".136",".265","40","-9.2",".294","4.6","84","-0.5","-1.6","1.5","99","184","81","109","38.4 %","43.5 %","18.1 %","29.7 %","35.8 %","34.5 %","10.8 %","12775"
"2014","Brian Roberts","Yankees","91","317","348","75","50","16","4","5","40","21","28","1","53","1","1","1","9","7","4",".237","8.0 %","15.2 %","0.53",".300",".360",".659",".123",".269","33","-4.3",".294","5.6","86","-0.4","1.3","-0.8","114","104","121","79","30.1 %","55.6 %","14.3 %","27.1 %","35.3 %","37.6 %","4.8 %","166"
"2015","Jemile Weeks","Red Sox","3","9","9","3","3","0","0","0","1","1","0","0","2","0","0","0","0","0","0",".333","0.0 %","22.2 %","0.00",".333",".333",".667",".000",".429","1","-0.1",".294","1.6","80","0.0","0.1","0.1","82","0","139","96","42.9 %","57.1 %","0.0 %","28.6 %","57.1 %","14.3 %","0.0 %","2498"
"2019","Harold Castro","Tigers","97","354","369","103","84","10","4","5","30","38","9","0","86","0","4","2","6","4","2",".291","2.4 %","23.3 %","0.10",".305",".384",".689",".093",".367","38","-8.8",".292","4.3","79","-0.3","1.0","0.1","62","29","118","124","39.6 %","50.6 %","9.9 %","29.3 %","41.4 %","29.3 %","8.3 %","14691"
"2015","Josh Rutledge","Red Sox","39","74","85","21","19","1","0","1","11","10","5","1","26","2","3","1","0","0","0",".284","5.9 %","30.6 %","0.19",".333",".338",".671",".054",".400","8","-1.4",".292","2.0","79","0.0","0.7","0.6","86","76","107","108","19.2 %","61.5 %","19.2 %","38.5 %","25.0 %","36.5 %","6.7 %","11167"
"2018","Eduardo Nunez","Red Sox","127","480","502","127","91","23","3","10","56","44","16","0","69","2","3","1","17","7","2",".265","3.2 %","13.7 %","0.23",".289",".388",".677",".123",".290","49","-9.3",".292","4.8","78","0.3","-3.9","-2.6","89","38","88","116","27.2 %","47.2 %","25.5 %","29.6 %","37.6 %","32.8 %","7.5 %","6848"
"2018","Neil Walker","Yankees","113","347","398","76","52","12","1","11","48","46","42","3","87","5","4","0","3","0","0",".219","10.6 %","21.9 %","0.48",".309",".354",".664",".135",".257","39","-7.6",".291","2.4","82","-0.2","-0.1","1.4","106","127","114","88","37.9 %","44.7 %","17.4 %","23.1 %","31.8 %","45.1 %","10.9 %","7539"
"2017","Erik Gonzalez","Indians","60","110","115","28","18","6","0","4","18","11","3","0","37","0","1","1","1","1","2",".255","2.6 %","32.2 %","0.08",".272",".418",".690",".164",".343","11","-2.9",".291","3.8","74","-0.7","0.3","0.4","60","31","101","133","32.0 %","53.3 %","14.7 %","22.7 %","37.3 %","40.0 %","25.0 %","13369"
"2018","Breyvic Valera","Orioles","12","35","41","10","9","0","1","0","4","4","3","0","9","0","2","1","0","1","0",".286","7.3 %","22.0 %","0.33",".325",".343",".668",".057",".357","4","-0.9",".289","6.9","79","0.2","0.0","0.3","98","88","151","76","34.5 %","44.8 %","20.7 %","24.1 %","44.8 %","31.0 %","0.0 %","12758"
"2014","Jason Kipnis","Indians","129","500","555","120","88","25","1","6","61","41","50","2","100","2","2","1","15","22","3",".240","9.0 %","18.0 %","0.50",".310",".330",".640",".090",".288","51","-9.0",".289","5.4","82","2.7","3.0","-0.8","89","117","109","105","26.6 %","58.1 %","15.4 %","24.6 %","36.0 %","39.5 %","4.8 %","9776"
"2014","Maicer Izturis","Blue Jays","11","35","38","10","9","1","0","0","3","1","2","0","4","0","0","1","0","1","0",".286","5.3 %","10.5 %","0.50",".324",".314",".639",".029",".323","3","-0.6",".289","4.1","81","0.2","0.1","0.1","83","68","47","139","18.8 %","75.0 %","6.3 %","21.9 %","53.1 %","25.0 %","0.0 %","2437"
"2018","Ronald Torreyes","Yankees","41","100","102","28","20","7","1","0","9","7","2","0","16","0","0","0","3","0","0",".280","2.0 %","15.7 %","0.13",".294",".370",".664",".090",".333","10","-2.3",".287","2.9","79","-0.1","0.6","0.0","82","24","118","107","26.2 %","46.4 %","27.4 %","29.8 %","34.5 %","35.7 %","0.0 %","11400"
"2014","Ryan Flaherty","Orioles","102","281","312","62","39","15","1","7","33","32","22","2","68","5","1","3","3","1","0",".221","7.1 %","21.8 %","0.32",".288",".356",".644",".135",".266","28","-5.6",".287","3.5","79","0.0","1.4","1.2","97","91","90","107","28.6 %","48.4 %","23.0 %","18.0 %","35.0 %","47.0 %","9.9 %","7888"
"2018","Adam Rosales","Indians","13","19","21","4","2","1","0","1","4","2","1","0","5","0","0","1","0","0","0",".211","4.8 %","23.8 %","0.20",".250",".421",".671",".211",".231","2","-0.5",".286","2.6","74","0.0","0.0","0.1","137","57","34","101","33.3 %","46.7 %","20.0 %","13.3 %","26.7 %","60.0 %","14.3 %","9682"
"2014","Munenori Kawasaki","Blue Jays","82","240","274","62","54","7","1","0","31","17","22","0","49","3","1","8","3","1","0",".258","8.0 %","17.9 %","0.45",".327",".296",".623",".038",".323","24","-5.0",".286","3.7","79","-0.1","0.4","0.6","43","104","142","126","14.0 %","60.0 %","26.0 %","29.5 %","39.0 %","31.5 %","0.0 %","13047"
"2016","Johnny Giavotella","Angels","99","346","367","90","63","20","1","6","44","31","13","0","39","1","3","4","11","4","3",".260","3.5 %","10.6 %","0.33",".287",".376",".662",".116",".276","33","-10.0",".285","4.0","79","-0.6","-0.8","-0.8","79","44","110","113","25.5 %","52.6 %","22.0 %","28.7 %","38.2 %","33.1 %","7.0 %","6740"
"2015","Adam Rosales","Rangers","55","114","125","26","19","4","0","3","14","7","10","0","30","1","0","0","4","4","4",".228","8.0 %","24.0 %","0.33",".296",".342",".638",".114",".284","11","-2.9",".284","3.8","73","-0.8","-0.3","-0.3","102","104","75","110","23.8 %","52.4 %","23.8 %","13.1 %","39.3 %","47.6 %","10.0 %","9682"
"2015","Stephen Drew","Yankees","131","383","428","77","43","16","1","17","43","44","37","1","71","1","3","4","7","0","2",".201","8.6 %","16.6 %","0.52",".271",".381",".652",".180",".201","38","-10.0",".284","2.1","76","-0.9","-1.4","0.3","133","112","76","85","21.6 %","58.0 %","20.4 %","19.8 %","33.2 %","47.0 %","11.6 %","4251"
"2017","Daniel Robertson","Rays","75","218","254","45","31","7","2","5","22","19","29","0","73","4","2","1","5","1","1",".206","11.4 %","28.7 %","0.40",".308",".326",".634",".119",".282","23","-8.0",".284","3.6","77","-0.4","-0.9","-0.4","100","136","88","106","33.8 %","47.3 %","18.9 %","25.7 %","44.6 %","29.7 %","9.4 %","14145"
"2018","Devon Travis","Blue Jays","103","357","378","83","55","14","3","11","41","44","16","1","64","5","0","0","8","3","2",".232","4.2 %","16.9 %","0.25",".275",".381",".656",".148",".255","35","-9.6",".283","4.6","77","-0.4","0.4","-0.1","80","51","100","118","30.4 %","48.8 %","20.8 %","31.1 %","32.8 %","36.2 %","12.9 %","13862"
"2019","Ronny Rodriguez","Tigers","84","276","294","61","32","12","3","14","29","43","13","0","82","0","5","0","5","3","1",".221","4.4 %","27.9 %","0.16",".252",".438",".690",".217",".254","28","-9.4",".283","5.0","72","0.1","0.8","0.7","119","52","88","90","40.7 %","41.2 %","18.1 %","16.1 %","26.6 %","57.3 %","16.9 %","11875"
"2016","Jed Lowrie","Athletics","87","338","369","89","74","12","1","2","30","27","26","0","65","1","4","0","10","0","0",".263","7.0 %","17.6 %","0.40",".314",".322",".637",".059",".316","33","-10.9",".282","1.6","76","-0.2","-2.4","-2.0","90","88","125","97","27.8 %","54.2 %","18.1 %","32.1 %","31.4 %","36.5 %","2.3 %","4418"
"2019","Dee Gordon","Mariners","117","393","421","108","87","12","6","3","36","34","18","1","61","1","6","3","8","22","5",".275","4.3 %","14.5 %","0.30",".304",".359",".663",".084",".313","39","-13.7",".282","6.6","77","2.0","1.2","-0.3","70","50","99","127","22.0 %","56.9 %","21.1 %","30.5 %","35.8 %","33.7 %","3.6 %","8203"
"2016","Gregorio Petit","Angels","89","204","223","50","34","13","1","2","21","17","15","1","51","1","1","2","7","1","1",".245","6.7 %","22.9 %","0.29",".299",".348",".647",".103",".316","20","-6.7",".282","3.3","76","-0.3","-1.5","-0.8","79","84","108","114","26.9 %","54.5 %","18.6 %","29.5 %","36.5 %","34.0 %","4.7 %","3812"
"2019","Yolmer Sanchez","White Sox","149","496","555","125","99","20","4","2","59","43","44","1","117","5","3","7","7","5","4",".252","7.9 %","21.1 %","0.38",".318",".321",".638",".069",".324","51","-18.7",".281","4.4","74","-1.1","2.0","1.1","97","93","100","102","27.3 %","52.2 %","20.6 %","34.2 %","34.5 %","31.4 %","1.5 %","11602"
"2015","Jose Ramirez","Indians","97","315","355","69","46","14","3","6","50","27","32","0","39","1","2","5","5","10","4",".219","9.0 %","11.0 %","0.82",".291",".340",".631",".121",".232","31","-9.4",".280","6.5","72","0.3","1.8","0.7","103","117","79","107","24.0 %","56.5 %","19.4 %","25.4 %","30.4 %","44.2 %","6.1 %","13510"
"2014","Omar Infante","Royals","135","528","575","133","103","21","3","6","50","66","33","3","68","2","7","5","7","9","3",".252","5.7 %","11.8 %","0.49",".295",".337",".632",".085",".275","48","-13.4",".280","4.3","74","0.2","0.8","1.0","112","74","110","86","25.0 %","54.5 %","20.6 %","25.2 %","30.9 %","43.9 %","3.3 %","1609"
"2017","Cliff Pennington","Angels","87","194","217","49","40","6","0","3","23","21","16","0","58","1","5","1","2","3","1",".253","7.4 %","26.7 %","0.28",".306",".330",".635",".077",".333","19","-7.7",".279","3.5","72","0.0","0.7","0.4","111","88","96","93","29.6 %","54.2 %","16.2 %","31.7 %","35.2 %","33.1 %","5.4 %","3395"
"2014","Luis Sardinas","Rangers","43","115","125","30","24","6","0","0","12","8","5","0","21","2","0","3","5","5","1",".261","4.0 %","16.8 %","0.24",".303",".313",".616",".052",".319","10","-3.0",".279","4.9","72","0.5","1.1","-0.7","45","52","103","142","11.3 %","59.8 %","28.9 %","38.1 %","30.9 %","30.9 %","0.0 %","13153"
"2015","Ryan Flaherty","Orioles","91","267","301","54","34","8","3","9","34","31","26","2","81","4","2","2","8","0","0",".202","8.6 %","26.9 %","0.32",".281",".356",".637",".154",".251","26","-8.3",".279","3.7","72","-0.1","0.4","-0.2","103","112","68","112","29.0 %","54.2 %","16.8 %","23.7 %","35.3 %","41.1 %","13.4 %","7888"
"2017","Ryan Goins","Blue Jays","143","418","459","99","68","21","1","9","37","62","31","0","96","0","5","5","14","3","2",".237","6.8 %","20.9 %","0.32",".286",".356",".643",".120",".283","39","-16.5",".278","2.7","70","-0.5","0.1","-0.4","96","80","73","116","27.7 %","52.7 %","19.6 %","32.5 %","34.3 %","33.1 %","8.0 %","9807"
"2014","Grant Green","Angels","43","99","103","27","21","5","0","1","7","11","2","0","20","0","2","0","3","1","4",".273","1.9 %","19.4 %","0.10",".282",".354",".635",".081",".325","9","-2.5",".278","2.4","80","-1.4","-0.2","0.2","91","25","101","106","27.2 %","63.0 %","9.9 %","34.6 %","23.5 %","42.0 %","3.8 %","10053"
"2014","Steve Lombardozzi","Orioles","20","73","74","21","19","1","1","0","6","2","0","0","14","1","0","0","1","1","0",".288","0.0 %","18.9 %","0.00",".297",".329",".626",".041",".356","6","-1.8",".278","5.7","73","0.1","-0.6","-0.2","78","0","133","102","23.7 %","59.3 %","17.0 %","33.9 %","33.9 %","32.2 %","0.0 %","5422"
"2014","Logan Forsythe","Rays","110","301","336","67","48","12","1","6","32","26","25","0","71","4","4","2","9","2","0",".223","7.4 %","21.1 %","0.35",".287",".329",".616",".106",".268","28","-8.3",".278","3.7","78","0.1","-1.3","-0.1","114","96","93","92","25.0 %","64.0 %","11.0 %","28.4 %","34.3 %","37.3 %","6.5 %","7185"
"2017","Brandon Phillips","Angels","24","102","105","26","17","7","0","2","13","8","2","0","16","0","0","1","2","1","0",".255","1.9 %","15.2 %","0.13",".269",".382",".652",".127",".286","9","-3.8",".278","4.3","72","0.2","-0.2","-0.2","99","23","97","102","24.1 %","54.0 %","21.8 %","32.2 %","26.4 %","41.4 %","6.5 %","791"
"2018","Dee Gordon","Mariners","141","556","588","149","120","17","8","4","62","36","9","0","80","9","5","9","10","30","12",".268","1.5 %","13.6 %","0.11",".288",".349",".637",".081",".304","50","-18.2",".277","7.1","76","0.8","2.5","0.2","61","18","105","130","20.4 %","59.6 %","20.0 %","30.8 %","36.3 %","32.9 %","3.9 %","8203"
"2016","Chad Pinder","Athletics","22","51","55","12","7","4","0","1","4","4","3","0","14","0","1","0","1","0","0",".235","5.5 %","25.5 %","0.21",".273",".373",".645",".137",".297","5","-1.9",".276","0.9","72","0.0","0.0","0.0","104","68","64","114","44.7 %","36.8 %","18.4 %","23.7 %","42.1 %","34.2 %","7.1 %","15191"
"2017","Marco Hernandez","Red Sox","21","58","60","16","13","3","0","0","7","2","1","0","15","1","0","0","0","0","1",".276","1.7 %","25.0 %","0.07",".300",".328",".628",".052",".372","5","-2.3",".275","2.9","63","-0.5","0.4","0.2","59","20","129","121","34.9 %","39.5 %","25.6 %","37.2 %","41.9 %","20.9 %","0.0 %","13154"
"2019","Joey Wendle","Rays","75","238","263","55","37","13","2","3","32","19","14","0","47","8","3","0","4","8","3",".231","5.3 %","17.9 %","0.30",".293",".340",".633",".109",".272","23","-10.2",".275","6.6","71","0.2","1.2","0.2","89","63","109","105","32.0 %","52.1 %","16.0 %","24.7 %","40.7 %","34.5 %","4.8 %","13853"
"2019","Daniel Robertson","Rays","74","207","237","44","32","9","1","2","23","19","24","0","59","6","0","0","10","2","2",".213","10.1 %","24.9 %","0.41",".312",".295",".607",".082",".288","21","-9.3",".275","3.7","71","-0.6","-0.7","-1.6","76","119","90","126","32.4 %","48.7 %","18.9 %","31.1 %","31.8 %","37.2 %","4.9 %","14145"
"2015","Munenori Kawasaki","Blue Jays","23","28","34","6","4","2","0","0","6","2","4","0","6","0","0","2","1","0","1",".214","11.8 %","17.6 %","0.67",".313",".286",".598",".071",".273","3","-1.1",".274","3.8","69","-0.4","-0.1","-0.1","82","153","46","139","4.2 %","75.0 %","20.8 %","45.8 %","29.2 %","25.0 %","0.0 %","13047"
"2019","Gordon Beckham","Tigers","83","223","240","48","27","13","2","6","29","15","13","0","68","4","0","0","6","3","1",".215","5.4 %","28.3 %","0.19",".271",".372",".643",".157",".282","21","-9.5",".274","6.0","67","0.1","0.5","-0.7","104","64","103","95","41.9 %","43.9 %","14.2 %","20.0 %","24.5 %","55.5 %","10.2 %","9015"
"2017","Taylor Featherston","Rays","17","39","47","7","4","1","0","2","6","6","5","0","15","1","2","0","1","1","0",".179","10.6 %","31.9 %","0.33",".277",".359",".636",".179",".208","4","-1.9",".274","5.1","70","0.2","0.4","-0.2","137","126","76","80","42.3 %","50.0 %","7.7 %","26.9 %","46.2 %","26.9 %","15.4 %","12590"
"2014","Gordon Beckham","- - -","127","446","483","101","65","27","0","9","53","44","22","2","81","7","5","3","17","3","0",".226","4.6 %","16.8 %","0.27",".271",".348",".618",".121",".255","38","-13.6",".273","3.6","72","0.3","0.6","-2.4","112","59","76","102","27.6 %","53.1 %","19.3 %","30.0 %","32.7 %","37.3 %","6.2 %","9015"
"2017","Dixon Machado","Tigers","73","166","181","43","36","5","1","1","17","11","10","0","32","1","2","2","6","1","0",".259","5.5 %","17.7 %","0.31",".302",".319",".621",".060",".311","15","-7.3",".273","3.9","65","0.1","-2.4","-0.5","67","66","91","132","29.0 %","49.3 %","21.7 %","18.1 %","38.4 %","43.5 %","3.0 %","11472"
"2017","Rougned Odor","Rangers","162","607","651","124","70","21","3","30","79","75","32","5","162","8","4","0","13","15","6",".204","4.9 %","24.9 %","0.20",".252",".397",".649",".193",".224","53","-26.8",".272","5.6","56","0.2","1.4","0.2","116","58","80","96","36.8 %","44.8 %","18.5 %","19.8 %","29.8 %","50.3 %","16.0 %","12282"
"2014","Mike Aviles","Indians","113","344","374","85","63","16","1","5","38","39","13","0","49","1","5","11","10","14","5",".247","3.5 %","13.1 %","0.27",".273",".343",".616",".096",".271","29","-10.9",".272","5.3","70","0.6","1.1","0.2","100","45","101","100","16.7 %","60.1 %","23.2 %","28.0 %","29.3 %","42.8 %","4.8 %","5986"
"2014","Nick Punto","Athletics","73","198","224","41","30","7","2","2","21","14","25","0","56","0","0","1","5","3","1",".207","11.2 %","25.0 %","0.45",".296",".293",".589",".086",".279","17","-6.6",".271","5.1","74","0.0","-1.1","0.2","95","145","106","101","16.1 %","63.6 %","20.3 %","35.7 %","30.1 %","34.3 %","4.3 %","1429"
"2015","Tommy Field","Rangers","14","41","45","8","5","1","0","2","6","5","2","0","16","1","0","1","0","1","0",".195","4.4 %","35.6 %","0.13",".250",".366",".616",".171",".261","4","-1.6",".270","5.9","63","0.2","-0.1","0.4","80","58","58","135","23.1 %","50.0 %","26.9 %","15.4 %","53.9 %","30.8 %","28.6 %","6262"
"2018","Gregorio Petit","Twins","26","61","67","15","13","2","0","0","7","3","6","0","14","0","0","0","0","3","1",".246","9.0 %","20.9 %","0.43",".313",".279",".592",".033",".319","5","-2.5",".270","4.6","66","0.1","0.0","0.0","82","108","170","80","25.5 %","46.8 %","27.7 %","29.8 %","44.7 %","25.5 %","0.0 %","3812"
"2014","Cole Figueroa","Rays","23","43","49","10","7","2","1","0","6","6","4","0","4","0","2","0","0","0","0",".233","8.2 %","8.2 %","1.00",".286",".326",".611",".093",".244","4","-1.5",".269","4.7","72","0.0","0.1","0.4","90","106","118","100","19.5 %","63.4 %","17.1 %","22.0 %","36.6 %","41.5 %","0.0 %","8790"
"2014","Donnie Murphy","Rangers","45","112","128","22","15","3","0","4","11","14","11","0","38","1","3","1","2","0","1",".196","8.6 %","29.7 %","0.29",".268",".330",".598",".134",".247","10","-4.1",".268","1.6","64","-0.5","0.0","0.1","112","111","63","107","28.2 %","47.4 %","24.4 %","20.5 %","33.3 %","46.2 %","13.3 %","4704"
"2015","Brendan Ryan","Yankees","47","96","103","22","14","6","2","0","10","8","5","0","29","1","0","1","1","0","0",".229","4.9 %","28.2 %","0.17",".275",".333",".608",".104",".328","8","-3.8",".267","4.3","64","0.0","-0.3","0.5","102","63","65","114","17.7 %","61.8 %","20.6 %","13.2 %","44.1 %","42.7 %","0.0 %","6073"
"2019","Marco Hernandez","Red Sox","61","148","155","37","28","7","0","2","18","11","3","0","42","3","0","1","1","1","2",".250","1.9 %","27.1 %","0.07",".279",".338",".617",".088",".337","12","-7.2",".266","3.1","58","-0.7","-1.1","0.5","64","23","114","124","26.2 %","57.0 %","16.8 %","35.5 %","33.6 %","30.8 %","8.3 %","13154"
"2014","Johnny Giavotella","Royals","12","37","41","8","6","1","0","1","8","5","1","0","5","2","1","0","1","0","1",".216","2.4 %","12.2 %","0.20",".268",".324",".593",".108",".219","3","-1.4",".266","3.8","64","-0.4","0.8","0.1","78","32","88","124","24.2 %","60.6 %","15.2 %","27.3 %","21.2 %","51.5 %","11.1 %","6740"
"2015","Eric Sogard","Athletics","120","372","401","92","76","12","3","1","40","37","23","1","50","2","1","3","9","6","1",".247","5.7 %","12.5 %","0.46",".294",".304",".598",".056",".283","30","-15.3",".266","5.1","66","0.6","2.0","0.0","96","75","107","100","16.9 %","62.9 %","20.3 %","24.5 %","39.9 %","35.6 %","0.9 %","7927"
"2014","Jonathan Schoop","Orioles","137","455","481","95","61","18","0","16","48","45","13","0","122","8","0","5","12","2","0",".209","2.7 %","25.4 %","0.11",".244",".354",".598",".145",".249","35","-16.4",".265","3.0","64","0.1","1.4","-0.6","105","35","67","112","26.0 %","50.9 %","23.1 %","18.6 %","31.7 %","49.7 %","13.1 %","11265"
"2016","Joey Wendle","Athletics","28","96","104","25","23","1","0","1","11","11","6","0","16","0","2","0","3","2","0",".260","5.8 %","15.4 %","0.38",".298",".302",".600",".042",".296","8","-4.5",".265","4.3","64","0.3","-0.4","-0.3","69","72","103","123","30.5 %","53.7 %","15.9 %","26.8 %","34.2 %","39.0 %","5.0 %","13853"
"2015","Micah Johnson","White Sox","36","100","114","23","19","4","0","0","10","4","9","0","30","2","0","2","0","3","2",".230","7.9 %","26.3 %","0.30",".306",".270",".576",".040",".329","8","-4.4",".265","3.7","65","-0.2","0.4","0.5","57","103","105","132","18.1 %","51.4 %","30.6 %","41.7 %","22.2 %","36.1 %","0.0 %","13809"
"2016","Christian Colon","Royals","54","147","161","34","27","6","0","1","13","13","11","0","31","2","0","1","4","0","1",".231","6.8 %","19.3 %","0.35",".294",".293",".586",".061",".287","12","-7.2",".264","1.7","59","-0.5","-1.0","-0.4","86","85","98","113","19.7 %","56.4 %","23.9 %","32.5 %","35.0 %","32.5 %","2.9 %","11145"
"2018","Harold Castro","Tigers","6","10","10","3","3","0","0","0","2","0","0","0","2","0","0","0","0","1","0",".300","0.0 %","20.0 %","0.00",".300",".300",".600",".000",".375","1","-0.4",".264","7.1","62","0.2","0.0","0.0","69","0","59","148","50.0 %","37.5 %","12.5 %","0.0 %","50.0 %","50.0 %","0.0 %","14691"
"2014","Alberto Callaspo","Athletics","127","404","451","90","71","15","0","4","37","39","40","1","50","1","6","0","18","0","1",".223","8.9 %","11.1 %","0.80",".290",".290",".580",".067",".242","32","-16.0",".264","1.4","69","-0.8","-2.8","-2.4","105","115","100","96","21.1 %","60.6 %","18.3 %","25.6 %","36.7 %","37.8 %","3.0 %","3336"
"2014","Hernan Perez","Tigers","8","5","6","1","1","0","0","0","1","0","1","0","1","0","0","0","0","0","0",".200","16.7 %","16.7 %","1.00",".333",".200",".533",".000",".250","0","-0.2",".263","2.6","64","0.0","-0.1","0.1","142","216","0","113","50.0 %","50.0 %","0.0 %","0.0 %","25.0 %","75.0 %","0.0 %","5751"
"2017","Darwin Barney","Blue Jays","129","336","362","78","58","14","0","6","34","25","18","0","64","2","1","5","13","7","2",".232","5.0 %","17.7 %","0.28",".275",".327",".602",".095",".270","26","-17.7",".263","3.9","59","0.4","0.4","-1.7","89","59","102","108","19.1 %","59.4 %","21.6 %","30.2 %","30.2 %","39.6 %","6.8 %","2430"
"2015","Yolmer Sanchez","White Sox","120","389","420","87","58","23","1","5","40","31","19","0","81","5","1","6","9","2","2",".224","4.5 %","19.3 %","0.23",".268",".326",".595",".103",".270","30","-17.1",".262","3.2","63","-0.5","-1.5","-0.1","66","59","111","122","22.2 %","56.2 %","21.6 %","32.7 %","36.5 %","30.8 %","7.0 %","11602"
"2014","Eric Sogard","Athletics","117","291","329","65","54","10","0","1","38","22","31","0","37","1","2","4","6","11","4",".223","9.4 %","11.2 %","0.84",".298",".268",".567",".045",".251","23","-12.1",".262","4.7","68","0.4","1.7","0.4","98","122","115","94","17.3 %","59.6 %","23.1 %","28.1 %","32.7 %","39.2 %","1.2 %","7927"
"2019","Sheldon Neuse","Athletics","25","56","61","14","11","3","0","0","3","7","4","0","19","0","1","0","2","0","0",".250","6.6 %","31.1 %","0.21",".295",".304",".599",".054",".368","5","-3.1",".262","0.6","63","0.0","0.2","-0.5","72","77","148","100","42.1 %","44.7 %","13.2 %","23.7 %","47.4 %","29.0 %","0.0 %","19635"
"2016","Max Muncy","Athletics","51","113","133","21","17","2","0","2","13","8","20","1","24","0","0","0","2","0","0",".186","15.0 %","18.0 %","0.83",".308",".257",".565",".071",".218","9","-6.2",".262","1.3","62","-0.1","-0.5","0.1","85","188","91","116","29.2 %","47.2 %","23.6 %","24.7 %","27.0 %","48.3 %","7.7 %","13301"
"2016","Omar Infante","Royals","39","134","149","32","22","9","1","0","16","11","9","0","23","0","4","2","0","0","0",".239","6.0 %","15.4 %","0.39",".279",".321",".600",".082",".278","10","-7.1",".260","3.2","57","-0.1","1.2","0.6","117","75","100","86","29.9 %","53.0 %","17.1 %","21.4 %","35.9 %","42.7 %","0.0 %","1609"
"2019","Nicky Lopez","Royals","103","379","402","91","65","22","2","2","44","30","18","0","51","1","0","4","5","1","1",".240","4.5 %","12.7 %","0.35",".276",".325",".601",".084",".273","30","-20.9",".260","3.6","56","-0.4","-0.2","0.0","61","53","73","147","25.4 %","55.3 %","19.3 %","33.2 %","36.6 %","30.2 %","2.8 %","19339"
"2017","Franklin Barreto","Athletics","25","71","76","14","9","1","2","2","10","6","5","0","33","0","0","0","1","2","0",".197","6.6 %","43.4 %","0.15",".250",".352",".602",".155",".333","5","-4.0",".259","8.3","60","0.4","0.5","0.3","137","78","104","67","34.2 %","50.0 %","15.8 %","39.5 %","29.0 %","31.6 %","10.5 %","15519"
"2019","Richard Urena","Blue Jays","30","74","80","18","12","6","0","0","4","4","2","0","23","1","0","3","0","0","0",".243","2.5 %","28.8 %","0.09",".273",".324",".597",".081",".353","6","-4.3",".258","0.8","57","0.0","-1.0","0.3","88","29","85","118","29.6 %","50.0 %","20.4 %","27.8 %","27.8 %","44.4 %","0.0 %","16411"
"2017","Ramon Torres","Royals","33","74","79","18","15","3","0","0","9","4","4","0","12","1","0","0","1","1","0",".243","5.1 %","15.2 %","0.33",".291",".284",".575",".041",".290","5","-4.2",".257","4.4","54","0.1","-0.7","0.1","75","60","111","116","19.4 %","46.8 %","33.9 %","25.8 %","43.6 %","30.7 %","0.0 %","14113"
"2018","Ronny Rodriguez","Tigers","62","191","206","42","30","7","0","5","17","20","10","0","42","0","2","3","7","2","0",".220","4.9 %","20.4 %","0.24",".256",".335",".591",".115",".253","14","-9.7",".257","3.2","57","0.3","0.0","-1.1","103","58","83","106","35.1 %","42.2 %","22.7 %","22.7 %","35.7 %","41.6 %","9.1 %","11875"
"2017","Brock Holt","Red Sox","64","140","164","28","22","6","0","0","20","7","19","0","34","3","2","0","3","2","1",".200","11.6 %","20.7 %","0.56",".305",".243",".548",".043",".259","11","-9.0",".256","3.9","50","-0.1","-1.9","-0.2","64","138","83","138","21.3 %","57.4 %","21.3 %","38.9 %","31.5 %","29.6 %","0.0 %","9345"
"2014","Josh Wilson","Rangers","24","67","72","16","12","4","0","0","7","8","2","0","14","1","0","2","3","1","0",".239","2.8 %","19.4 %","0.14",".271",".299",".570",".060",".302","5","-3.0",".256","4.5","56","0.1","0.5","-0.8","91","36","109","103","20.0 %","56.4 %","23.6 %","27.3 %","27.3 %","45.5 %","0.0 %","2102"
"2017","Josh Rutledge","Red Sox","37","107","118","24","21","2","1","0","10","9","9","0","31","2","0","0","1","1","0",".224","7.6 %","26.3 %","0.29",".297",".262",".558",".037",".316","8","-6.5",".255","5.0","49","0.1","0.7","0.4","61","91","91","137","30.3 %","61.8 %","7.9 %","22.4 %","42.1 %","35.5 %","0.0 %","11167"
"2018","Dawel Lugo","Tigers","27","94","101","20","14","4","1","1","10","8","7","0","20","0","0","0","2","0","0",".213","6.9 %","19.8 %","0.35",".267",".309",".576",".096",".260","7","-4.9",".255","3.4","56","-0.1","-0.1","-0.1","41","83","89","156","29.7 %","43.2 %","27.0 %","33.8 %","35.1 %","31.1 %","9.1 %","14713"
"2016","Yolmer Sanchez","White Sox","53","154","163","32","18","9","1","4","15","21","5","0","42","1","1","2","1","0","1",".208","3.1 %","25.8 %","0.12",".236",".357",".593",".149",".257","10","-8.7",".253","3.5","55","-0.5","-0.6","0.9","112","38","104","88","22.6 %","58.3 %","19.1 %","30.4 %","28.7 %","40.9 %","9.3 %","11602"
"2016","Cliff Pennington","Angels","74","172","188","36","27","4","2","3","18","10","13","0","55","0","0","3","4","1","0",".209","6.9 %","29.3 %","0.24",".265",".308",".573",".099",".289","12","-10.1",".253","5.0","57","0.1","-1.0","-0.8","108","86","106","91","24.2 %","59.2 %","16.7 %","32.5 %","28.3 %","39.2 %","6.8 %","3395"
"2014","Yolmer Sanchez","White Sox","28","100","104","25","20","5","0","0","6","5","3","0","25","0","1","0","1","1","1",".250","2.9 %","24.0 %","0.12",".269",".300",".569",".050",".329","7","-4.5",".253","2.1","57","-0.3","-1.0","0.0","90","37","127","95","25.0 %","54.0 %","21.1 %","29.0 %","39.5 %","31.6 %","0.0 %","11602"
"2017","Ryan Flaherty","Orioles","23","38","43","8","7","1","0","0","5","4","4","0","10","1","0","0","0","0","0",".211","9.3 %","23.3 %","0.40",".302",".237",".539",".026",".286","3","-2.5",".253","2.1","50","0.0","0.0","0.3","88","110","70","124","14.3 %","64.3 %","21.4 %","35.7 %","32.1 %","32.1 %","0.0 %","7888"
"2019","Tzu-Wei Lin","Red Sox","13","20","22","4","2","2","0","0","3","1","2","0","6","0","0","0","0","1","1",".200","9.1 %","27.3 %","0.33",".273",".300",".573",".100",".286","1","-1.3",".252","5.5","48","-0.2","0.0","0.2","59","107","34","169","21.4 %","57.1 %","21.4 %","21.4 %","21.4 %","57.1 %","0.0 %","14678"
"2016","Michael Martinez","- - -","63","101","106","24","19","4","0","1","16","4","4","0","23","0","0","1","1","0","2",".238","3.8 %","21.7 %","0.17",".267",".307",".574",".069",".299","7","-5.8",".252","3.6","49","-0.9","0.2","0.5","109","47","91","97","20.3 %","55.7 %","24.1 %","35.4 %","32.9 %","31.7 %","3.4 %","7358"
"2015","Cliff Pennington","Blue Jays","33","75","92","12","7","3","0","2","9","11","11","0","20","1","2","3","2","0","0",".160","12.0 %","21.7 %","0.55",".270",".280",".550",".120",".182","6","-4.6",".251","1.6","53","0.0","-0.4","0.2","112","155","95","92","25.0 %","53.3 %","21.7 %","26.7 %","16.7 %","56.7 %","9.1 %","3395"
"2014","Justin Sellers","Indians","17","16","21","3","3","0","0","0","1","0","3","0","4","0","0","2","0","0","1",".188","14.3 %","19.0 %","0.75",".316",".188",".503",".000",".250","1","-1.0",".250","1.9","54","-0.4","-0.1","0.2","95","185","80","113","21.4 %","64.3 %","14.3 %","21.4 %","57.1 %","21.4 %","0.0 %","4006"
"2019","Donnie Walton","Mariners","7","16","19","3","3","0","0","0","2","2","3","0","5","0","0","0","0","0","1",".188","15.8 %","26.3 %","0.60",".316",".188",".503",".000",".273","1","-1.2",".246","2.9","53","-0.4","0.1","0.1","100","186","85","108","18.2 %","54.6 %","27.3 %","45.5 %","9.1 %","45.5 %","0.0 %","19314"
"2018","Ryan Goins","Royals","41","115","120","26","17","8","1","0","10","6","4","0","29","0","0","1","2","0","0",".226","3.3 %","24.2 %","0.14",".252",".313",".565",".087",".302","7","-6.7",".246","3.1","49","-0.1","-0.9","0.0","79","40","125","105","27.6 %","51.7 %","20.7 %","27.6 %","39.1 %","33.3 %","0.0 %","9807"
"2018","Dixon Machado","Tigers","67","214","233","44","29","13","1","1","20","21","14","1","41","3","1","1","2","1","1",".206","6.0 %","17.6 %","0.34",".263",".290",".553",".084",".249","14","-13.4",".244","3.5","49","-0.3","1.1","0.6","88","72","118","102","32.0 %","52.0 %","16.0 %","21.1 %","35.4 %","43.4 %","1.8 %","11472"
"2018","Brandon Phillips","Red Sox","9","23","27","3","2","0","0","1","4","2","4","0","7","0","0","0","1","0","0",".130","14.8 %","25.9 %","0.57",".259",".261",".520",".130",".133","2","-1.6",".243","2.6","44","0.0","-0.1","-0.2","69","178","0","177","31.3 %","43.8 %","25.0 %","25.0 %","18.8 %","56.3 %","25.0 %","791"
"2015","Jose Pirela","Yankees","37","74","78","17","13","3","0","1","7","5","2","0","16","0","1","1","4","1","0",".230","2.6 %","20.5 %","0.13",".247",".311",".558",".081",".276","4","-4.4",".242","4.0","47","0.2","0.1","-0.5","73","33","91","126","28.3 %","40.0 %","31.7 %","23.3 %","43.3 %","33.3 %","6.7 %","5485"
"2019","Jose Rondon","- - -","56","143","157","28","22","3","0","3","10","9","11","0","38","2","0","1","4","0","0",".196","7.0 %","24.2 %","0.29",".263",".280",".543",".084",".245","9","-10.7",".241","0.7","47","-0.1","-0.4","-0.3","84","82","85","122","27.4 %","55.7 %","17.0 %","22.6 %","37.7 %","39.6 %","9.4 %","14140"
"2018","Corban Joseph","Orioles","14","18","19","4","3","1","0","0","1","3","1","0","5","0","0","0","0","0","0",".222","5.3 %","26.3 %","0.20",".263",".278",".541",".056",".308","1","-1.1",".241","0.8","46","0.0","-0.1","0.1","127","63","0","127","7.7 %","84.6 %","7.7 %","23.1 %","30.8 %","46.2 %","0.0 %","5503"
"2017","Nick Franklin","Angels","13","24","30","3","2","1","0","0","2","2","5","0","3","1","0","0","0","0","0",".125","16.7 %","10.0 %","1.67",".300",".167",".467",".042",".143","2","-2.1",".239","1.1","45","0.0","0.2","0.2","92","198","94","110","19.1 %","52.4 %","28.6 %","28.6 %","9.5 %","61.9 %","0.0 %","10166"
"2014","Stephen Drew","- - -","85","271","300","44","22","14","1","7","18","26","27","3","75","0","2","0","1","1","1",".162","9.0 %","25.0 %","0.36",".237",".299",".536",".137",".194","16","-16.5",".238","2.2","45","-0.4","-3.1","1.1","146","117","84","71","23.2 %","55.6 %","21.2 %","18.7 %","29.3 %","52.0 %","7.0 %","4251"
"2015","Omar Infante","Royals","124","440","455","97","65","23","7","2","39","44","9","0","69","0","4","2","8","2","2",".220","2.0 %","15.2 %","0.13",".234",".318",".552",".098",".255","24","-27.5",".238","5.0","43","-0.5","-0.3","0.7","108","26","102","93","23.6 %","56.5 %","19.9 %","22.0 %","34.5 %","43.5 %","1.4 %","1609"
"2018","Brandon Drury","- - -","26","77","86","13","8","4","0","1","5","10","7","0","20","2","0","0","5","0","0",".169","8.1 %","23.3 %","0.35",".256",".260",".516",".091",".214","5","-5.5",".236","0.8","45","0.0","-0.3","-1.4","96","98","107","99","26.3 %","61.4 %","12.3 %","29.8 %","24.6 %","45.6 %","5.0 %","11615"
"2019","Eduardo Nunez","Red Sox","60","167","174","38","29","7","0","2","13","20","4","0","27","0","2","1","6","5","1",".228","2.3 %","15.5 %","0.15",".243",".305",".548",".078",".257","9","-13.0",".233","4.3","35","0.5","-1.1","-0.4","75","27","86","128","25.9 %","42.7 %","31.5 %","24.5 %","41.3 %","34.3 %","5.1 %","6848"
"2016","Ryan Goins","Blue Jays","77","183","196","34","20","9","2","3","13","12","9","0","48","1","0","3","6","1","1",".186","4.6 %","24.5 %","0.19",".228",".306",".534",".120",".235","9","-13.8",".232","3.9","39","-0.3","-0.2","-0.6","99","57","55","121","27.5 %","50.0 %","22.5 %","26.8 %","39.9 %","33.3 %","6.4 %","9807"
"2017","Danny Espinosa","- - -","93","266","295","46","30","10","0","6","30","31","21","1","109","5","2","1","2","4","5",".173","7.1 %","36.9 %","0.19",".245",".278",".523",".105",".261","14","-22.1",".232","3.5","41","-1.5","-1.1","1.1","120","85","69","98","31.9 %","43.8 %","24.4 %","16.3 %","34.4 %","49.4 %","9.1 %","9219"
"2017","Tyler Smith","Mariners","10","16","19","3","2","1","0","0","2","1","1","0","8","1","1","0","0","0","0",".188","5.3 %","42.1 %","0.13",".263",".250",".513",".063",".333","1","-1.4",".232","2.6","42","0.0","-0.1","0.1","92","62","110","103","33.3 %","22.2 %","44.4 %","11.1 %","55.6 %","33.3 %","0.0 %","12490"
"2019","Corban Joseph","Athletics","11","37","40","7","4","2","0","1","4","5","2","0","5","0","1","0","2","0","0",".189","5.0 %","12.5 %","0.40",".225",".324",".549",".135",".188","2","-3.1",".231","1.9","42","0.0","-0.1","-0.5","91","59","57","129","39.4 %","42.4 %","18.2 %","27.3 %","42.4 %","30.3 %","9.1 %","5503"
"2015","Nick Franklin","Rays","44","101","109","16","8","4","1","3","11","7","7","0","37","0","0","1","2","1","0",".158","6.4 %","33.9 %","0.19",".213",".307",".520",".149",".213","5","-7.4",".228","6.2","41","0.2","-0.3","0.1","129","83","110","73","23.1 %","56.9 %","20.0 %","27.7 %","41.5 %","30.8 %","10.7 %","10166"
"2018","Andrew Romine","Mariners","75","119","131","25","22","2","1","0","15","2","7","0","39","1","0","4","2","1","0",".210","5.3 %","29.8 %","0.18",".260",".244",".504",".034",".313","6","-9.3",".228","5.7","42","0.1","1.1","0.5","97","64","107","99","14.3 %","59.5 %","26.2 %","31.0 %","38.1 %","31.0 %","0.0 %","1159"
"2016","Dixon Machado","Tigers","8","10","13","1","1","0","0","0","1","0","3","0","4","0","0","0","0","0","0",".100","23.1 %","30.8 %","0.75",".308",".100",".408",".000",".167","1","-1.0",".227","1.1","35","0.0","0.5","0.1","0","288","245","114","33.3 %","33.3 %","33.3 %","16.7 %","50.0 %","33.3 %","0.0 %","11472"
"2018","Nolan Fontana","Angels","8","11","12","1","0","0","0","1","1","1","1","0","6","0","0","0","0","0","0",".091","8.3 %","50.0 %","0.17",".167",".364",".530",".273",".000","1","-0.9",".227","0.1","40","0.0","0.0","0.1","165","100","94","47","40.0 %","60.0 %","0.0 %","20.0 %","20.0 %","60.0 %","33.3 %","13267"
"2016","Adalberto Mondesi","Royals","47","135","149","25","19","1","3","2","16","13","6","0","48","2","0","6","1","9","1",".185","4.0 %","32.2 %","0.13",".231",".281",".512",".096",".271","6","-11.4",".226","9.3","33","1.3","0.9","0.6","111","50","58","111","31.2 %","53.8 %","15.1 %","19.4 %","33.3 %","47.3 %","6.7 %","13769"
"2018","Hanser Alberto","Rangers","13","27","30","5","3","2","0","0","0","0","2","0","4","0","0","1","0","0","1",".185","6.7 %","13.3 %","0.50",".241",".259",".501",".074",".217","1","-2.2",".225","1.6","27","-0.4","0.0","0.1","179","80","0","82","25.0 %","37.5 %","37.5 %","8.3 %","45.8 %","45.8 %","0.0 %","11902"
"2017","Tyler Saladino","White Sox","79","253","281","45","34","9","2","0","23","10","23","0","67","3","0","2","5","5","4",".178","8.2 %","23.8 %","0.34",".254",".229",".484",".051",".242","11","-23.3",".223","5.0","34","-0.8","0.9","0.1","102","97","83","106","22.3 %","53.7 %","23.9 %","28.2 %","30.3 %","41.5 %","0.0 %","10807"
"2015","Hanser Alberto","Rangers","41","99","104","22","19","2","1","0","12","4","2","0","17","0","0","3","2","1","0",".222","1.9 %","16.3 %","0.12",".238",".263",".500",".040",".268","4","-7.7",".220","6.2","28","0.2","0.0","0.3","94","25","80","114","15.3 %","56.5 %","28.2 %","24.7 %","37.7 %","37.7 %","0.0 %","11902"
"2014","Pedro Ciriaco","Royals","25","47","49","10","8","2","0","0","7","2","0","0","9","1","0","1","2","4","0",".213","0.0 %","18.4 %","0.00",".229",".255",".484",".043",".263","2","-3.5",".217","7.5","30","0.8","0.9","0.0","95","0","107","101","7.7 %","82.1 %","10.3 %","10.3 %","38.5 %","51.3 %","0.0 %","5278"
"2017","Michael Martinez","- - -","28","37","43","6","5","1","0","0","2","0","5","0","15","0","0","1","0","0","1",".162","11.6 %","34.9 %","0.33",".262",".189",".451",".027",".273","2","-3.6",".216","1.6","31","-0.4","-0.1","0.3","75","138","202","74","30.4 %","47.8 %","21.7 %","21.7 %","52.2 %","26.1 %","0.0 %","7358"
"2018","Tyler Wade","Yankees","36","66","70","11","6","4","0","1","8","5","4","0","23","0","0","0","1","1","0",".167","5.7 %","32.9 %","0.17",".214",".273",".487",".106",".238","2","-5.7",".215","5.3","30","0.2","0.7","-0.1","75","69","59","142","18.6 %","60.5 %","20.9 %","30.2 %","25.6 %","44.2 %","9.1 %","15730"
"2016","Chris Coghlan","Athletics","51","158","172","23","13","5","0","5","14","14","13","1","47","1","0","0","2","1","1",".146","7.6 %","27.3 %","0.28",".215",".272",".487",".127",".170","6","-14.7",".215","2.5","29","-0.3","0.4","0.5","100","94","89","105","30.6 %","53.2 %","16.2 %","30.6 %","37.8 %","31.5 %","12.8 %","6878"
"2018","Luis Sardinas","Orioles","8","18","20","2","1","0","0","1","2","1","2","0","5","0","0","0","1","0","0",".111","10.0 %","25.0 %","0.40",".200",".278",".478",".167",".083","1","-1.6",".214","1.6","28","0.0","0.1","-0.2","84","120","36","145","15.4 %","61.5 %","23.1 %","15.4 %","23.1 %","61.5 %","25.0 %","13153"
"2014","Nick Franklin","- - -","28","81","90","13","9","2","1","1","7","6","6","0","32","1","2","0","2","2","0",".160","6.7 %","35.6 %","0.19",".222",".247",".469",".086",".240","3","-6.7",".214","7.0","34","0.3","0.0","-0.4","117","86","85","93","23.5 %","58.8 %","17.7 %","19.6 %","39.2 %","41.2 %","4.8 %","10166"
"2018","Gordon Beckham","Mariners","22","44","50","8","7","1","0","0","3","1","4","0","11","0","0","2","1","1","0",".182","8.0 %","22.0 %","0.36",".250",".205",".455",".023",".242","2","-4.2",".212","4.0","31","0.2","0.4","-0.2","133","96","43","100","22.9 %","62.9 %","14.3 %","25.7 %","31.4 %","42.9 %","0.0 %","9015"
"2014","Ryan Goins","Blue Jays","67","181","193","34","24","6","3","1","14","15","5","0","42","0","1","6","4","0","1",".188","2.6 %","21.8 %","0.12",".209",".271",".479",".083",".237","6","-14.6",".212","4.4","28","-0.5","-0.3","-0.1","75","34","88","126","22.6 %","58.9 %","18.5 %","26.0 %","34.9 %","39.0 %","2.8 %","9807"
"2017","Rob Refsnyder","- - -","52","88","98","15","12","2","1","0","8","0","8","1","17","1","0","0","2","4","1",".170","8.2 %","17.3 %","0.47",".247",".216",".463",".045",".211","3","-9.2",".209","6.7","23","0.3","0.2","0.0","85","97","62","130","16.9 %","59.2 %","23.9 %","22.5 %","49.3 %","28.2 %","0.0 %","13770"
"2018","Steve Wilkerson","Orioles","16","46","49","8","5","3","0","0","2","3","3","0","16","0","0","0","0","1","0",".174","6.1 %","32.7 %","0.19",".224",".239",".464",".065",".267","1","-4.3",".208","3.7","23","0.2","-0.9","0.1","101","74","79","110","13.3 %","53.3 %","33.3 %","36.7 %","33.3 %","30.0 %","0.0 %","16041"
"2019","Josh Harrison","Tigers","36","137","147","24","15","7","1","1","10","8","6","0","27","2","2","0","0","4","2",".175","4.1 %","18.4 %","0.22",".218",".263",".480",".088",".207","4","-14.2",".208","5.5","22","-0.1","-1.3","0.8","125","48","85","86","27.7 %","51.8 %","20.5 %","17.9 %","35.7 %","46.4 %","2.0 %","8202"
"2015","Grant Green","Angels","21","42","44","8","7","0","0","1","6","3","2","1","14","0","0","0","2","0","1",".190","4.5 %","31.8 %","0.14",".227",".262",".489",".071",".259","1","-3.7",".207","3.7","27","-0.4","-0.2","-0.1","77","59","19","156","14.3 %","53.6 %","32.1 %","21.4 %","53.6 %","25.0 %","14.3 %","10053"
"2015","Taylor Featherston","Angels","101","154","169","25","17","5","1","2","23","9","7","0","46","3","1","4","3","4","2",".162","4.1 %","27.2 %","0.15",".212",".247",".459",".084",".215","4","-14.5",".206","6.6","26","0.0","1.7","0.4","98","54","88","107","23.9 %","54.0 %","22.1 %","30.1 %","32.7 %","37.2 %","5.6 %","12590"
"2016","Arismendy Alcantara","Athletics","16","19","19","4","3","1","0","0","2","2","0","0","8","0","0","0","1","3","3",".211","0.0 %","42.1 %","0.00",".211",".263",".474",".053",".364","0","-1.8",".204","5.5","22","-0.6","0.0","-0.1","102","0","0","145","27.3 %","36.4 %","36.4 %","63.6 %","0.0 %","36.4 %","0.0 %","10711"
"2017","Adalberto Mondesi","Royals","25","53","60","9","7","1","0","1","4","3","3","0","22","0","0","4","2","5","2",".170","5.0 %","36.7 %","0.14",".214",".245",".460",".075",".267","1","-5.9",".204","5.0","17","0.1","0.3","-0.1","85","59","170","80","25.7 %","51.4 %","22.9 %","25.7 %","22.9 %","51.4 %","11.1 %","13769"
"2018","Kaleb Cowart","Angels","47","112","124","15","6","7","1","1","7","10","10","0","44","1","1","0","2","1","0",".134","8.1 %","35.5 %","0.23",".210",".241",".451",".107",".206","3","-11.2",".203","4.9","24","0.2","-0.1","0.0","135","97","89","75","31.9 %","46.4 %","21.7 %","24.6 %","33.3 %","42.0 %","2.9 %","11494"
"2017","Tyler Wade","Yankees","30","58","63","9","5","4","0","0","7","2","5","0","19","0","0","0","2","1","1",".155","7.9 %","30.2 %","0.26",".222",".224",".446",".069",".231","1","-6.3",".203","4.5","18","-0.2","0.5","0.2","92","94","76","118","18.0 %","64.1 %","18.0 %","20.5 %","43.6 %","35.9 %","0.0 %","15730"
"2019","Kaleb Cowart","Angels","9","25","26","4","1","3","0","0","1","1","1","0","7","0","0","0","2","1","0",".160","3.8 %","26.9 %","0.14",".192",".280",".472",".120",".222","1","-2.7",".200","5.5","20","0.2","0.0","-0.5","107","45","131","79","27.8 %","50.0 %","22.2 %","38.9 %","27.8 %","33.3 %","0.0 %","11494"
"2014","Chris Getz","Blue Jays","10","25","28","4","3","1","0","0","1","0","1","0","4","1","0","1","1","2","0",".160","3.6 %","14.3 %","0.25",".222",".200",".422",".040",".190","1","-2.4",".199","5.6","19","0.4","-0.1","-0.1","54","46","69","151","13.6 %","77.3 %","9.1 %","31.8 %","36.4 %","31.8 %","0.0 %","3388"
"2019","Chris Owings","- - -","67","180","196","25","15","6","1","3","13","14","14","0","78","2","0","0","2","5","2",".139","7.1 %","39.8 %","0.18",".209",".233",".443",".094",".222","4","-20.7",".198","5.3","13","0.1","0.4","0.3","76","84","70","136","39.2 %","46.1 %","14.7 %","26.5 %","31.4 %","42.2 %","10.7 %","10030"
"2018","Engelb Vielma","Orioles","6","7","8","1","1","0","0","0","1","0","1","0","4","0","0","0","0","0","0",".143","12.5 %","50.0 %","0.25",".250",".143",".393",".000",".333","0","-0.8",".196","2.6","15","0.0","0.0","0.0","0","151","157","157","0.0 %","100.0 %","0.0 %","66.7 %","0.0 %","33.3 %","0.0 %","15481"
"2015","Gregorio Petit","Yankees","20","42","47","7","4","3","0","0","7","5","3","1","16","0","1","1","0","0","0",".167","6.4 %","34.0 %","0.19",".217",".238",".455",".071",".259","1","-4.5",".193","2.6","13","0.0","0.4","0.1","74","83","90","125","14.3 %","53.6 %","32.1 %","35.7 %","17.9 %","46.4 %","0.0 %","3812"
"2014","Brendan Ryan","Yankees","49","114","124","19","15","4","0","0","5","8","4","0","30","3","2","1","2","0","2",".167","3.2 %","24.2 %","0.13",".211",".202",".413",".035",".221","2","-11.4",".190","1.9","14","-0.8","-0.4","0.2","121","42","74","96","25.3 %","55.2 %","19.5 %","28.7 %","29.9 %","41.4 %","0.0 %","6073"
"2014","Guilder Rodriguez","Rangers","7","12","14","2","2","0","0","0","2","1","1","0","5","0","0","1","0","0","0",".167","7.1 %","35.7 %","0.20",".231",".167",".397",".000",".286","0","-1.3",".190","2.6","10","0.0","0.0","0.1","81","93","138","97","12.5 %","50.0 %","37.5 %","37.5 %","12.5 %","50.0 %","0.0 %","3412"
"2016","Kaleb Cowart","Angels","31","85","87","15","10","4","0","1","8","8","0","0","23","1","1","0","1","0","0",".176","0.0 %","26.4 %","0.00",".184",".259",".443",".082",".226","1","-9.2",".190","2.6","13","0.0","0.8","0.3","104","0","79","106","22.2 %","61.9 %","15.9 %","19.1 %","49.2 %","31.8 %","4.3 %","11494"
"2016","Danny Worth","Astros","16","39","40","7","5","2","0","0","4","1","1","0","6","0","0","0","1","0","0",".179","2.5 %","15.0 %","0.17",".200",".231",".431",".051",".212","0","-4.3",".189","2.6","13","0.0","0.8","-0.3","68","31","119","117","15.2 %","63.6 %","21.2 %","27.3 %","24.2 %","48.5 %","0.0 %","198"
"2018","Ramon Torres","Royals","9","28","29","5","4","1","0","0","4","1","1","0","3","0","0","0","1","0","0",".179","3.4 %","10.3 %","0.33",".207",".214",".421",".036",".200","0","-3.0",".188","2.6","10","0.0","0.3","-0.3","66","42","94","132","24.0 %","64.0 %","12.0 %","20.0 %","28.0 %","52.0 %","0.0 %","14113"
"2017","Gordon Beckham","Mariners","11","17","18","3","3","0","0","0","2","0","1","0","2","0","0","0","2","1","0",".176","5.6 %","11.1 %","0.50",".222",".176",".399",".000",".200","0","-2.1",".185","6.8","9","0.2","0.3","-0.3","92","66","66","123","20.0 %","66.7 %","13.3 %","13.3 %","40.0 %","46.7 %","0.0 %","9015"
"2017","Christian Colon","Royals","7","17","19","3","3","0","0","0","1","0","1","0","3","0","0","1","2","0","0",".176","5.3 %","15.8 %","0.33",".222",".176",".399",".000",".214","0","-2.2",".185","1.1","4","0.0","0.1","-0.5","106","62","38","124","13.3 %","40.0 %","46.7 %","40.0 %","20.0 %","40.0 %","0.0 %","11145"
"2019","Max Moroff","Indians","20","32","35","4","2","1","0","1","3","4","2","0","16","0","0","1","0","1","0",".125","5.7 %","45.7 %","0.13",".176",".250",".426",".125",".200","0","-4.1",".185","5.8","3","0.2","0.4","0.3","128","67","125","63","29.4 %","52.9 %","17.7 %","29.4 %","29.4 %","41.2 %","14.3 %","14556"
"2017","Nolan Fontana","Angels","12","20","23","1","0","0","0","1","1","1","3","0","8","0","0","0","1","1","1",".050","13.0 %","34.8 %","0.38",".174",".200",".374",".150",".000","0","-2.8",".176","3.0","2","-0.2","0.0","-0.2","92","155","41","135","33.3 %","41.7 %","25.0 %","0.0 %","58.3 %","41.7 %","25.0 %","13267"
"2015","Emilio Bonifacio","White Sox","47","78","82","13","11","2","0","0","5","4","2","0","27","1","0","1","1","1","4",".167","2.4 %","32.9 %","0.07",".198",".192",".390",".026",".255","0","-9.0",".176","3.7","4","-1.4","0.3","0.3","68","32","95","127","13.5 %","55.8 %","30.8 %","28.9 %","25.0 %","46.2 %","0.0 %","4054"
"2019","Alen Hanson","Blue Jays","18","43","48","7","7","0","0","0","5","4","3","1","17","1","1","0","0","1","0",".163","6.3 %","35.4 %","0.18",".229",".163",".392",".000",".259","0","-6.0",".174","5.6","0","0.2","0.0","0.2","91","74","78","118","22.2 %","55.6 %","22.2 %","18.5 %","29.6 %","51.9 %","0.0 %","12926"
"2018","Dustin Pedroia","Red Sox","3","11","13","1","1","0","0","0","1","0","2","0","1","0","0","0","0","0","0",".091","15.4 %","7.7 %","2.00",".231",".091",".322",".000",".100","0","-1.5",".174","1.6","-3","0.0","0.0","0.0","82","185","141","94","20.0 %","60.0 %","20.0 %","50.0 %","30.0 %","20.0 %","0.0 %","8370"
"2015","Willie Bloomquist","Mariners","35","69","72","11","10","1","0","0","2","4","2","0","13","1","0","0","2","1","1",".159","2.8 %","18.1 %","0.15",".194",".174",".368",".014",".196","0","-8.3",".169","2.2","1","-0.2","0.1","0.0","102","36","78","109","16.1 %","58.9 %","25.0 %","28.6 %","32.1 %","39.3 %","0.0 %","1066"
"2019","Franklin Barreto","Athletics","23","57","58","7","3","2","0","2","6","5","1","0","23","0","0","0","0","1","0",".123","1.7 %","39.7 %","0.04",".138",".263",".401",".140",".156","0","-7.7",".166","6.1","-2","0.2","0.3","0.3","100","20","28","136","26.5 %","61.8 %","11.8 %","20.6 %","32.4 %","47.1 %","16.7 %","15519"
"2016","Deven Marrero","Red Sox","13","12","14","1","1","0","0","0","0","0","2","0","5","0","0","0","0","0","0",".083","14.3 %","35.7 %","0.40",".214",".083",".298",".000",".143","0","-1.8",".161","0.1","-14","0.0","0.0","0.1","80","178","140","97","14.3 %","42.9 %","42.9 %","14.3 %","42.9 %","42.9 %","0.0 %","13325"
"2017","Phil Gosselin","Rangers","12","8","8","1","0","1","0","0","0","0","0","0","3","0","0","0","0","0","0",".125","0.0 %","37.5 %","0.00",".125",".250",".375",".125",".200","0","-1.1",".154","0.1","-24","0.0","0.0","0.1","55","0","99","139","20.0 %","60.0 %","20.0 %","40.0 %","20.0 %","40.0 %","0.0 %","10953"
"2017","Mike Freeman","Mariners","16","30","34","2","1","0","0","1","3","1","4","1","9","0","0","0","0","0","0",".067","11.8 %","26.5 %","0.44",".176",".167",".343",".100",".050","-1","-4.9",".150","2.0","-15","0.0","0.2","0.1","144","140","0","110","19.1 %","47.6 %","33.3 %","33.3 %","42.9 %","23.8 %","9.1 %","11241"
"2019","Kean Wong","- - -","7","18","18","3","3","0","0","0","2","0","0","0","6","0","0","0","0","0","1",".167","0.0 %","33.3 %","0.00",".167",".167",".333",".000",".250","0","-2.7",".145","4.6","-13","-0.4","0.1","0.1","50","0","85","151","41.7 %","41.7 %","16.7 %","33.3 %","8.3 %","58.3 %","0.0 %","15994"
"2016","Juniel Querecuto","Rays","4","11","11","1","0","0","1","0","1","2","0","0","6","0","0","0","0","0","0",".091","0.0 %","54.5 %","0.00",".091",".273",".364",".182",".200","0","-1.6",".143","5.1","-20","0.0","0.0","0.0","169","0","0","91","40.0 %","20.0 %","40.0 %","20.0 %","40.0 %","40.0 %","0.0 %","12140"
"2014","Elliot Johnson","Indians","7","19","20","2","0","2","0","0","1","0","0","0","7","0","0","1","0","0","0",".105","0.0 %","35.0 %","0.00",".105",".211",".316",".105",".167","-1","-2.7",".135","2.6","-26","0.0","0.0","0.2","142","0","40","94","38.5 %","61.5 %","0.0 %","38.5 %","30.8 %","30.8 %","0.0 %","4751"
"2019","Andrew Velazquez","- - -","15","23","24","2","0","2","0","0","3","0","1","0","13","0","0","0","0","1","0",".087","4.2 %","54.2 %","0.08",".125",".174",".299",".087",".200","-1","-3.9",".130","7.4","-30","0.2","0.1","0.0","110","49","94","95","50.0 %","30.0 %","20.0 %","20.0 %","70.0 %","10.0 %","0.0 %","14196"
"2019","Dustin Pedroia","Red Sox","6","20","21","2","2","0","0","0","1","1","1","0","2","0","0","0","2","0","0",".100","4.8 %","9.5 %","0.50",".143",".100",".243",".000",".111","-1","-3.7",".116","1.6","-44","0.0","0.3","-0.4","107","56","26","132","22.2 %","61.1 %","16.7 %","33.3 %","38.9 %","27.8 %","0.0 %","8370"
"2017","Johnny Giavotella","Orioles","7","10","10","1","1","0","0","0","0","0","0","0","4","0","0","0","0","1","0",".100","0.0 %","40.0 %","0.00",".100",".100",".200",".000",".167","-1","-2.0",".088","5.0","-62","0.2","0.0","0.0","137","0","82","77","33.3 %","66.7 %","0.0 %","0.0 %","66.7 %","33.3 %","0.0 %","6740"
"2017","Niko Goodrum","Twins","11","17","18","1","1","0","0","0","1","0","1","0","10","0","0","0","0","0","0",".059","5.6 %","55.6 %","0.10",".111",".059",".170",".000",".143","-1","-3.5",".087","2.6","-62","0.0","0.1","0.1","78","66","0","165","42.9 %","28.6 %","28.6 %","28.6 %","28.6 %","42.9 %","0.0 %","12092"
"2016","Tyler Ladendorf","Athletics","45","48","50","4","4","0","0","0","6","1","1","0","13","0","0","1","3","2","0",".083","2.0 %","26.0 %","0.08",".102",".083",".185",".000",".114","-4","-9.6",".086","7.1","-59","0.4","0.5","-0.8","119","25","74","96","25.0 %","58.3 %","16.7 %","22.2 %","44.4 %","33.3 %","0.0 %","3211"
"2018","Gift Ngoepe","Blue Jays","13","18","19","1","1","0","0","0","2","0","1","0","12","0","0","0","0","0","0",".056","5.3 %","63.2 %","0.08",".105",".056",".161",".000",".167","-1","-3.6",".083","2.6","-60","0.0","0.1","0.1","46","63","157","118","33.3 %","50.0 %","16.7 %","16.7 %","66.7 %","16.7 %","0.0 %","10340"
"2015","Ryan Jackson","Angels","22","9","14","0","0","0","0","0","0","0","1","0","5","0","0","4","1","0","0",".000","7.1 %","35.7 %","0.20",".100",".000",".100",".000",".000","-1","-2.7",".069","0.1","-68","0.0","-0.3","0.0","0","93","0","225","25.0 %","75.0 %","0.0 %","25.0 %","37.5 %","37.5 %","0.0 %","6596"
"2018","Sherman Johnson","Angels","10","10","11","0","0","0","0","0","0","0","0","0","4","1","0","0","0","0","0",".000","0.0 %","36.4 %","0.00",".091",".000",".091",".000",".000","-1","-2.2",".065","0.1","-70","0.0","0.0","0.0","46","0","0","197","0.0 %","83.3 %","16.7 %","0.0 %","16.7 %","83.3 %","0.0 %","13906"
"2014","Alexi Casilla","Orioles","1","4","4","0","0","0","0","0","0","0","0","0","1","0","0","0","0","0","0",".000","0.0 %","25.0 %","0.00",".000",".000",".000",".000",".000","-1","-1.0",".000","0.1","-100","0.0","0.0","0.0","0","0","0","227","0.0 %","66.7 %","33.3 %","33.3 %","0.0 %","66.7 %","0.0 %","5248"
"2016","Mike Miller","Red Sox","1","1","1","0","0","0","0","0","0","0","0","0","0","0","0","0","0","0","0",".000","0.0 %","0.0 %","0.00",".000",".000",".000",".000",".000","0","-0.3",".000","0.1","-100","0.0","0.0","0.0","0","0","0","227","0.0 %","100.0 %","0.0 %","0.0 %","0.0 %","100.0 %","0.0 %","13891"
