Name,Year,Team,League,Position,HR,R,RBI,AVG,OPS,SS
Wilson Ramos,2018,Rays,AL,C,15,39,70,0.306,0.845,N
Francisco Cervelli,2018,Pirates,NL,C,12,39,57,0.259,0.809,N
J.T. Realmuto,2018,Marlins,NL,C,21,74,74,0.277,0.825,Y
Yasmani Grandal,2018,Dodgers,NL,C,24,65,68,0.241,0.815,N
Omar Narvaez,2018,White Sox,AL,C,9,30,30,0.275,0.794,N
Elias Diaz,2018,Pirates,NL,C,10,33,34,0.286,0.792,N
Kurt Suzuki,2018,Braves,NL,C,12,45,50,0.271,0.776,N
Robinson Chirinos,2018,Rangers,AL,C,18,48,65,0.222,0.757,N
Buster Posey,2018,Giants,NL,C,5,47,41,0.284,0.741,N
Yan Gomes,2018,Indians,AL,C,16,52,48,0.266,0.762,N
Mitch Garver,2018,Twins,AL,C,7,38,45,0.268,0.749,N
Yadier Molina,2018,Cardinals,NL,C,20,55,74,0.261,0.75,N
Willson Contreras,2018,Cubs,NL,C,10,50,54,0.249,0.73,N
Chris Iannetta,2018,Rockies,NL,C,11,36,36,0.224,0.73,N
Tyler Flowers,2018,Braves,NL,C,8,34,30,0.227,0.7,N
Jorge Alfaro,2018,Phillies,NL,C,10,35,37,0.262,0.731,N
Max Stassi,2018,Astros,AL,C,8,28,27,0.226,0.71,N
John Hicks,2018,Tigers,AL,C,9,35,32,0.26,0.715,N
Luke Maile,2018,Blue Jays,AL,C,3,22,27,0.248,0.7,N
Matt Wieters,2018,Nationals,NL,C,8,24,30,0.238,0.704,N
Tucker Barnhart,2018,Reds,NL,C,10,50,46,0.248,0.699,N
Austin Romine,2018,Yankees,AL,C,10,30,42,0.244,0.713,N
Russell Martin,2018,Blue Jays,AL,C,10,37,25,0.194,0.663,N
Salvador Perez,2018,Royals,AL,C,27,52,80,0.235,0.713,Y
Gary Sanchez,2018,Yankees,AL,C,18,51,53,0.186,0.697,N
Nick Hundley,2018,Giants,NL,C,10,34,31,0.241,0.706,N
Devin Mesoraco,2018,Mets,NL,C,11,24,33,0.221,0.7,N
Kevin Plawecki,2018,Mets,NL,C,7,33,30,0.21,0.685,N
Austin Hedges,2018,Padres,NL,C,14,29,37,0.231,0.711,N
Manny Pina,2018,Brewers,NL,C,9,39,28,0.252,0.702,N
Isiah Kiner-Falefa,2018,Rangers,AL,C,4,43,34,0.261,0.682,N
Mike Zunino,2018,Mariners,AL,C,20,37,44,0.201,0.669,N
Brian McCann,2018,Astros,AL,C,7,22,23,0.212,0.64,N
Austin Barnes,2018,Dodgers,NL,C,4,32,14,0.205,0.619,N
Erik Kratz,2018,Brewers,NL,C,6,18,23,0.236,0.634,N
Martin Maldonado,2018,Angels,AL,C,9,39,44,0.225,0.627,N
Alex Avila,2018,Diamondbacks,NL,C,7,13,20,0.165,0.603,N
Andrew Knapp,2018,Phillies,NL,C,4,19,15,0.198,0.61,N
Blake Swihart,2018,Red Sox,AL,C,3,28,18,0.229,0.613,N
Jonathan Lucroy,2018,Athletics,AL,C,4,41,51,0.241,0.617,N
Victor Caratini,2018,Cubs,NL,C,2,21,21,0.232,0.597,N
John Ryan Murphy,2018,Diamondbacks,NL,C,9,19,24,0.202,0.619,N
Tony Wolters,2018,Rockies,NL,C,3,19,27,0.17,0.577,N
James McCann,2018,Tigers,AL,C,8,31,39,0.22,0.581,N
Caleb Joseph,2018,Orioles,AL,C,3,28,17,0.219,0.575,N
Jeff Mathis,2018,Diamondbacks,NL,C,1,15,20,0.2,0.544,N
Christian Vazquez,2018,Red Sox,AL,C,3,24,16,0.207,0.54,N
Roberto Perez,2018,Indians,AL,C,2,16,19,0.168,0.519,N
Sandy Leon,2018,Red Sox,AL,C,5,30,22,0.177,0.511,N
Pedro Severino,2018,Nationals,NL,C,2,14,15,0.168,0.501,N
Austin Barnes,2017,Dodgers,NL,C,8,35,38,0.289,0.895,N
Kurt Suzuki,2017,Braves,NL,C,19,38,50,0.283,0.887,N
Robinson Chirinos,2017,Rangers,AL,C,17,46,38,0.255,0.866,N
Gary Sanchez,2017,Yankees,AL,C,33,79,90,0.278,0.876,Y
Chris Iannetta,2017,Diamondbacks,NL,C,17,38,43,0.254,0.865,N
Buster Posey,2017,Giants,NL,C,12,62,67,0.32,0.861,Y
Willson Contreras,2017,Cubs,NL,C,21,50,74,0.276,0.855,N
Alex Avila,2017,Tigers,AL,C,14,41,49,0.264,0.834,N
Tyler Flowers,2017,Braves,NL,C,12,41,49,0.281,0.823,N
Mike Zunino,2017,Mariners,AL,C,25,52,64,0.251,0.84,N
Welington Castillo,2017,Orioles,AL,C,20,44,53,0.282,0.813,N
J.T. Realmuto,2017,Marlins,NL,C,17,68,65,0.278,0.783,N
Salvador Perez,2017,Royals,AL,C,27,57,80,0.268,0.792,N
Chris Gimenez,2017,Twins,AL,C,7,28,16,0.22,0.731,N
Evan Gattis,2017,Astros,AL,C,12,41,55,0.263,0.767,N
Yasmani Grandal,2017,Dodgers,NL,C,22,50,58,0.247,0.767,N
Russell Martin,2017,Blue Jays,AL,C,13,49,35,0.221,0.731,N
Manny Pina,2017,Brewers,NL,C,9,45,43,0.279,0.751,N
Brian McCann,2017,Astros,AL,C,18,47,62,0.241,0.759,N
Omar Narvaez,2017,White Sox,AL,C,2,23,14,0.277,0.713,N
Andrew Knapp,2017,Phillies,NL,C,3,26,13,0.257,0.736,N
Christian Vazquez,2017,Red Sox,AL,C,5,43,32,0.29,0.735,N
Tucker Barnhart,2017,Reds,NL,C,7,26,44,0.27,0.75,N
James McCann,2017,Tigers,AL,C,13,39,49,0.253,0.733,N
Yadier Molina,2017,Cardinals,NL,C,18,60,82,0.273,0.751,N
Francisco Cervelli,2017,Pirates,NL,C,5,31,31,0.249,0.712,N
Jason Castro,2017,Twins,AL,C,10,49,47,0.242,0.72,N
Jonathan Lucroy,2017,Rangers,AL,C,6,45,40,0.265,0.716,N
Rene Rivera,2017,Mets,NL,C,10,23,35,0.252,0.736,N
Travis d'Arnaud,2017,Mets,NL,C,16,39,57,0.244,0.735,N
Yan Gomes,2017,Indians,AL,C,14,43,56,0.232,0.708,N
Wilson Ramos,2017,Rays,AL,C,11,19,35,0.26,0.737,N
Cameron Rupp,2017,Phillies,NL,C,14,35,34,0.217,0.716,N
Kevan Smith,2017,White Sox,AL,C,4,23,30,0.283,0.697,N
Stephen Vogt,2017,Athletics,AL,C,12,25,40,0.233,0.708,N
Caleb Joseph,2017,Orioles,AL,C,8,31,28,0.256,0.7,N
Bruce Maxwell,2017,Athletics,AL,C,3,21,22,0.237,0.663,N
Roberto Perez,2017,Indians,AL,C,8,22,38,0.207,0.664,N
Nick Hundley,2017,Giants,NL,C,9,27,35,0.244,0.691,N
Miguel Montero,2017,Cubs,NL,C,6,24,16,0.216,0.656,N
Sandy Leon,2017,Red Sox,AL,C,7,32,39,0.225,0.644,N
Martin Maldonado,2017,Angels,AL,C,14,43,38,0.221,0.645,N
Austin Hedges,2017,Padres,NL,C,18,36,55,0.214,0.66,N
Tony Wolters,2017,Rockies,NL,C,0,30,16,0.24,0.625,N
Matt Wieters,2017,Nationals,NL,C,10,43,52,0.225,0.632,N
Chris Herrmann,2017,Diamondbacks,NL,C,10,35,27,0.181,0.619,N
Jeff Mathis,2017,Diamondbacks,NL,C,2,13,11,0.215,0.6,N
Elias Diaz,2017,Pirates,NL,C,1,18,19,0.223,0.579,N
Austin Romine,2017,Yankees,AL,C,2,19,21,0.218,0.565,N
Gary Sanchez,2016,Yankees,AL,C,20,34,42,0.299,1.032,N
Willson Contreras,2016,Cubs,NL,C,12,33,35,0.282,0.845,N
Sandy Leon,2016,Red Sox,AL,C,7,36,35,0.31,0.845,N
Jonathan Lucroy,2016,Brewers,NL,C,24,67,81,0.292,0.855,N
Wilson Ramos,2016,Nationals,NL,C,22,58,80,0.307,0.85,Y
Yasmani Grandal,2016,Dodgers,NL,C,27,49,72,0.228,0.816,N
Evan Gattis,2016,Astros,AL,C,32,58,72,0.251,0.826,N
Yadier Molina,2016,Cardinals,NL,C,8,56,58,0.307,0.787,N
Buster Posey,2016,Giants,NL,C,14,82,80,0.288,0.796,N
Tyler Flowers,2016,Braves,NL,C,8,27,41,0.27,0.777,N
J.T. Realmuto,2016,Marlins,NL,C,11,60,48,0.303,0.771,N
Alex Avila,2016,White Sox,AL,C,7,19,11,0.213,0.732,N
Brian McCann,2016,Yankees,AL,C,20,56,58,0.242,0.748,N
David Ross,2016,Cubs,NL,C,10,24,32,0.229,0.784,N
Nick Hundley,2016,Rockies,NL,C,10,30,48,0.26,0.759,N
Russell Martin,2016,Blue Jays,AL,C,20,62,74,0.231,0.733,N
Cameron Rupp,2016,Phillies,NL,C,16,36,54,0.252,0.75,N
Carlos Ruiz,2016,Phillies,NL,C,3,21,15,0.264,0.713,N
Welington Castillo,2016,Diamondbacks,NL,C,14,41,68,0.264,0.745,N
Francisco Cervelli,2016,Pirates,NL,C,1,42,33,0.264,0.699,N
Tony Wolters,2016,Rockies,NL,C,3,27,30,0.259,0.723,N
Salvador Perez,2016,Royals,AL,C,22,57,64,0.247,0.725,Y
Matt Wieters,2016,Orioles,AL,C,17,48,66,0.243,0.711,N
Stephen Vogt,2016,Athletics,AL,C,14,54,56,0.251,0.711,N
Kurt Suzuki,2016,Twins,AL,C,8,34,49,0.258,0.704,N
Jason Castro,2016,Astros,AL,C,11,41,32,0.21,0.684,N
Tucker Barnhart,2016,Reds,NL,C,7,34,51,0.257,0.702,N
Miguel Montero,2016,Cubs,NL,C,8,33,33,0.216,0.684,N
Martin Maldonado,2016,Brewers,NL,C,8,21,21,0.202,0.683,N
Jett Bandy,2016,Angels,AL,C,8,23,25,0.234,0.673,N
Chris Iannetta,2016,Mariners,AL,C,7,23,24,0.21,0.631,N
Travis d'Arnaud,2016,Mets,NL,C,4,27,15,0.247,0.629,N
Jarrod Saltalamacchia,2016,Tigers,AL,C,12,30,38,0.171,0.63,N
James McCann,2016,Tigers,AL,C,12,31,48,0.221,0.629,N
Rene Rivera,2016,Mets,NL,C,6,12,26,0.222,0.632,N
Christian Bethancourt,2016,Padres,NL,C,6,20,25,0.228,0.633,N
Bobby Wilson,2016,Rangers,AL,C,7,25,33,0.237,0.626,N
Curt Casali,2016,Rays,AL,C,8,23,25,0.186,0.609,N
Dioner Navarro,2016,White Sox,AL,C,6,26,35,0.207,0.587,N
Derek Norris,2016,Padres,NL,C,14,50,42,0.186,0.583,N
Carlos Perez,2016,Angels,AL,C,5,25,31,0.209,0.568,N
A.J. Pierzynski,2016,Braves,NL,C,2,15,23,0.219,0.547,N
Yan Gomes,2016,Indians,AL,C,9,22,34,0.167,0.527,N
Max Muncy,2018,Dodgers,NL,1B,35,75,79,0.263,0.973,N
Paul Goldschmidt,2018,Diamondbacks,NL,1B,33,95,83,0.29,0.922,Y
Steve Pearce,2018,Red Sox,AL,1B,11,35,42,0.284,0.89,N
Freddie Freeman,2018,Braves,NL,1B,23,94,98,0.309,0.892,N
Tyler White,2018,Astros,AL,1B,12,27,42,0.276,0.888,N
Matt Carpenter,2018,Cardinals,NL,1B,36,111,81,0.257,0.897,N
Jesus Aguilar,2018,Brewers,NL,1B,35,80,108,0.274,0.89,N
Joey Votto,2018,Reds,NL,1B,12,67,67,0.284,0.837,N
Anthony Rizzo,2018,Cubs,NL,1B,25,74,101,0.283,0.846,N
David Freese,2018,Pirates,NL,1B,11,38,51,0.296,0.83,N
Jose Martinez,2018,Cardinals,NL,1B,17,64,83,0.305,0.821,N
Ryan Zimmerman,2018,Nationals,NL,1B,13,33,51,0.264,0.824,N
Justin Smoak,2018,Blue Jays,AL,1B,25,67,77,0.242,0.808,N
C.J. Cron,2018,Rays,AL,1B,30,68,74,0.253,0.816,N
Cody Bellinger,2018,Dodgers,NL,1B,25,84,76,0.26,0.814,N
Mark Reynolds,2018,Nationals,NL,1B,13,26,40,0.248,0.803,N
Matt Olson,2018,Athletics,AL,1B,29,85,84,0.247,0.788,N
Jose Abreu,2018,White Sox,AL,1B,22,68,78,0.265,0.798,Y
Josh Bell,2018,Pirates,NL,1B,12,74,62,0.261,0.768,N
Matt Adams,2018,Nationals,NL,1B,21,42,57,0.239,0.786,N
Carlos Santana,2018,Phillies,NL,1B,24,82,86,0.229,0.766,N
Eric Thames,2018,Brewers,NL,1B,16,41,37,0.219,0.783,N
Brandon Belt,2018,Giants,NL,1B,14,50,46,0.253,0.756,N
Mitch Moreland,2018,Red Sox,AL,1B,15,57,68,0.245,0.758,N
Tyler Austin,2018,Twins,AL,1B,17,34,47,0.23,0.767,N
Justin Bour,2018,Marlins,NL,1B,20,49,59,0.227,0.746,N
Yuli Gurriel,2018,Astros,AL,1B,13,70,85,0.291,0.751,N
Niko Goodrum,2018,Tigers,AL,1B,16,55,53,0.245,0.747,N
Matt Davidson,2018,White Sox,AL,1B,20,51,62,0.228,0.738,N
Yonder Alonso,2018,Indians,AL,1B,23,64,83,0.25,0.738,N
Joe Mauer,2018,Twins,AL,1B,6,64,48,0.282,0.729,N
Wilmer Flores,2018,Mets,NL,1B,11,43,51,0.267,0.736,N
Lucas Duda,2018,Royals,AL,1B,14,35,50,0.241,0.731,N
Ian Desmond,2018,Rockies,NL,1B,22,82,88,0.236,0.729,N
Pablo Sandoval,2018,Giants,NL,1B,9,22,40,0.248,0.727,N
Ronald Guzman,2018,Rangers,AL,1B,16,46,58,0.235,0.722,N
Brad Miller,2018,Rays,AL,1B,7,21,29,0.248,0.724,N
John Hicks,2018,Tigers,AL,1B,9,35,32,0.26,0.715,N
Eric Hosmer,2018,Padres,NL,1B,18,72,69,0.253,0.72,N
Trey Mancini,2018,Orioles,AL,1B,24,69,58,0.242,0.715,N
Jake Bauers,2018,Rays,AL,1B,11,48,48,0.201,0.7,N
Albert Pujols,2018,Angels,AL,1B,19,50,64,0.245,0.7,N
Ryon Healy,2018,Mariners,AL,1B,24,51,73,0.235,0.688,N
Ryan McMahon,2018,Rockies,NL,1B,5,17,19,0.232,0.683,N
Neil Walker,2018,Yankees,AL,1B,11,48,46,0.219,0.664,N
Greg Bird,2018,Yankees,AL,1B,11,23,38,0.199,0.672,N
Hunter Dozier,2018,Royals,AL,1B,11,36,34,0.229,0.673,N
Austin Slater,2018,Giants,NL,1B,1,21,23,0.251,0.64,N
Logan Morrison,2018,Twins,AL,1B,15,41,39,0.186,0.644,N
Miguel Rojas,2018,Marlins,NL,1B,11,44,53,0.252,0.643,N
Jefry Marte,2018,Angels,AL,1B,7,28,22,0.216,0.644,N
Victor Caratini,2018,Cubs,NL,1B,2,21,21,0.232,0.597,N
Luis Valbuena,2018,Angels,AL,1B,9,23,33,0.199,0.588,N
Chris Davis,2018,Orioles,AL,1B,16,40,49,0.168,0.539,N
Joey Votto,2017,Reds,NL,1B,36,106,100,0.32,1.032,N
Rhys Hoskins,2017,Phillies,NL,1B,18,37,48,0.259,1.014,N
Matt Olson,2017,Athletics,AL,1B,24,33,45,0.259,1.003,N
Freddie Freeman,2017,Braves,NL,1B,28,84,71,0.307,0.989,N
Paul Goldschmidt,2017,Diamondbacks,NL,1B,36,117,120,0.297,0.966,Y
Ryan Zimmerman,2017,Nationals,NL,1B,36,90,108,0.303,0.93,N
Cody Bellinger,2017,Dodgers,NL,1B,39,87,97,0.267,0.933,N
Anthony Rizzo,2017,Cubs,NL,1B,32,99,109,0.273,0.899,N
Jose Martinez,2017,Cardinals,NL,1B,14,47,46,0.309,0.897,N
Jose Abreu,2017,White Sox,AL,1B,33,95,102,0.304,0.906,N
Eric Hosmer,2017,Royals,AL,1B,25,98,94,0.318,0.882,Y
Justin Bour,2017,Marlins,NL,1B,25,52,83,0.289,0.902,N
Justin Smoak,2017,Blue Jays,AL,1B,38,85,90,0.27,0.883,N
Eric Thames,2017,Brewers,NL,1B,31,83,63,0.247,0.877,N
Yonder Alonso,2017,Athletics,AL,1B,28,72,67,0.266,0.866,N
Buster Posey,2017,Giants,NL,1B,12,62,67,0.32,0.861,N
Joey Gallo,2017,Rangers,AL,1B,41,85,80,0.209,0.869,N
Adam Lind,2017,Nationals,NL,1B,14,39,59,0.303,0.875,N
Logan Morrison,2017,Rays,AL,1B,38,75,85,0.246,0.868,N
Matt Carpenter,2017,Cardinals,NL,1B,23,91,69,0.241,0.835,N
Mark Reynolds,2017,Rockies,NL,1B,30,82,97,0.267,0.839,N
Brandon Belt,2017,Giants,NL,1B,18,63,51,0.241,0.823,N
Jesus Aguilar,2017,Brewers,NL,1B,16,40,52,0.265,0.837,N
Carlos Santana,2017,Indians,AL,1B,23,90,79,0.259,0.818,N
Trey Mancini,2017,Orioles,AL,1B,24,65,78,0.293,0.826,N
Joe Mauer,2017,Twins,AL,1B,7,69,71,0.305,0.801,N
Matt Adams,2017,Braves,NL,1B,20,46,65,0.274,0.841,N
Yuli Gurriel,2017,Astros,AL,1B,18,69,75,0.299,0.817,N
Lucas Duda,2017,Mets,NL,1B,30,50,64,0.217,0.818,N
Josh Bell,2017,Pirates,NL,1B,26,75,90,0.255,0.8,N
Wil Myers,2017,Padres,NL,1B,30,80,74,0.243,0.792,N
Wilmer Flores,2017,Mets,NL,1B,18,42,52,0.271,0.795,N
Chase Headley,2017,Yankees,AL,1B,12,77,61,0.273,0.758,N
T.J. Rivera,2017,Mets,NL,1B,5,27,27,0.29,0.76,N
Mitch Moreland,2017,Red Sox,AL,1B,22,73,79,0.246,0.769,N
Kennys Vargas,2017,Twins,AL,1B,11,33,41,0.253,0.758,N
Ryon Healy,2017,Athletics,AL,1B,25,66,78,0.271,0.754,N
John Jaso,2017,Pirates,NL,1B,10,28,35,0.211,0.73,N
C.J. Cron,2017,Angels,AL,1B,16,39,56,0.248,0.741,N
Miguel Cabrera,2017,Tigers,AL,1B,16,50,60,0.249,0.728,N
Chris Davis,2017,Orioles,AL,1B,26,65,61,0.215,0.732,N
Danny Valencia,2017,Mariners,AL,1B,15,54,66,0.256,0.725,N
Luis Valbuena,2017,Angels,AL,1B,22,42,65,0.199,0.727,N
Tommy Joseph,2017,Phillies,NL,1B,22,51,69,0.24,0.721,N
Ian Desmond,2017,Rockies,NL,1B,7,47,40,0.274,0.701,N
Mike Napoli,2017,Rangers,AL,1B,29,60,66,0.193,0.713,N
Jose Osuna,2017,Pirates,NL,1B,7,31,30,0.233,0.697,N
Chris Carter,2017,Yankees,AL,1B,8,20,26,0.201,0.653,N
Tyler Moore,2017,Marlins,NL,1B,6,17,30,0.23,0.668,N
Adrian Gonzalez,2017,Dodgers,NL,1B,3,14,30,0.242,0.642,N
Joey Votto,2016,Reds,NL,1B,29,101,97,0.326,0.985,N
Freddie Freeman,2016,Braves,NL,1B,34,102,91,0.302,0.968,N
Miguel Cabrera,2016,Tigers,AL,1B,38,92,108,0.316,0.956,Y
Anthony Rizzo,2016,Cubs,NL,1B,32,94,109,0.292,0.928,Y
Paul Goldschmidt,2016,Diamondbacks,NL,1B,24,106,95,0.297,0.899,N
Matt Carpenter,2016,Cardinals,NL,1B,21,81,68,0.271,0.885,N
Brandon Belt,2016,Giants,NL,1B,17,77,82,0.275,0.868,N
Edwin Encarnacion,2016,Blue Jays,AL,1B,42,99,127,0.263,0.886,N
Steve Pearce,2016,Rays,AL,1B,13,35,35,0.288,0.867,N
Carlos Santana,2016,Indians,AL,1B,34,89,87,0.259,0.865,N
Hanley Ramirez,2016,Red Sox,AL,1B,30,81,111,0.286,0.866,N
Sean Rodriguez,2016,Pirates,NL,1B,18,49,56,0.27,0.859,N
Jose Abreu,2016,White Sox,AL,1B,25,67,100,0.293,0.82,N
Mark Reynolds,2016,Rockies,NL,1B,14,61,53,0.282,0.806,N
Chris Carter,2016,Brewers,NL,1B,41,84,94,0.222,0.821,N
Justin Bour,2016,Marlins,NL,1B,15,35,51,0.264,0.824,N
Mike Napoli,2016,Indians,AL,1B,34,92,101,0.239,0.8,N
Tommy Joseph,2016,Phillies,NL,1B,21,47,47,0.257,0.813,N
Wil Myers,2016,Padres,NL,1B,28,99,94,0.259,0.797,N
Chris Davis,2016,Orioles,AL,1B,38,99,84,0.221,0.792,N
C.J. Cron,2016,Angels,AL,1B,16,51,69,0.278,0.792,N
Wilmer Flores,2016,Mets,NL,1B,16,38,49,0.267,0.788,N
Jefry Marte,2016,Angels,AL,1B,15,38,44,0.252,0.79,N
John Jaso,2016,Pirates,NL,1B,8,45,42,0.268,0.766,N
Adrian Gonzalez,2016,Dodgers,NL,1B,18,69,90,0.285,0.784,N
David Freese,2016,Pirates,NL,1B,13,63,55,0.27,0.764,N
Brad Miller,2016,Rays,AL,1B,30,73,81,0.243,0.786,N
Matt Adams,2016,Cardinals,NL,1B,16,37,54,0.249,0.78,N
Brandon Moss,2016,Cardinals,NL,1B,28,66,67,0.225,0.784,N
Joe Mauer,2016,Twins,AL,1B,11,68,49,0.261,0.752,N
Eric Hosmer,2016,Royals,AL,1B,25,80,104,0.266,0.761,N
Billy Butler,2016,Athletics,AL,1B,5,27,35,0.284,0.752,N
Dae-Ho Lee,2016,Mariners,AL,1B,14,33,49,0.253,0.74,N
Logan Morrison,2016,Rays,AL,1B,14,45,43,0.238,0.733,N
Ryan Rua,2016,Rangers,AL,1B,8,40,22,0.258,0.731,N
Andres Blanco,2016,Phillies,NL,1B,4,26,21,0.253,0.721,N
Travis Shaw,2016,Red Sox,AL,1B,16,63,71,0.242,0.726,N
Justin Smoak,2016,Blue Jays,AL,1B,14,33,34,0.217,0.705,N
Mitch Moreland,2016,Rangers,AL,1B,22,49,60,0.233,0.72,N
Adam Lind,2016,Mariners,AL,1B,20,48,58,0.239,0.717,N
James Loney,2016,Mets,NL,1B,9,30,34,0.265,0.703,N
Yonder Alonso,2016,Athletics,AL,1B,7,52,56,0.253,0.683,N
Marwin Gonzalez,2016,Astros,AL,1B,13,55,51,0.254,0.694,N
Ryan Howard,2016,Phillies,NL,1B,25,35,59,0.196,0.71,N
Byung-ho Park,2016,Twins,AL,1B,12,28,24,0.191,0.684,N
Tyler White,2016,Astros,AL,1B,8,24,28,0.217,0.664,N
Mark Teixeira,2016,Yankees,AL,1B,15,43,44,0.204,0.654,N
Clint Robinson,2016,Nationals,NL,1B,5,16,26,0.234,0.634,N
Brett Wallace,2016,Padres,NL,1B,6,19,20,0.189,0.627,N
Ryan Zimmerman,2016,Nationals,NL,1B,15,60,46,0.218,0.642,N
Chris Johnson,2016,Marlins,NL,1B,5,20,24,0.222,0.611,N
Miguel Rojas,2016,Marlins,NL,1B,1,27,14,0.247,0.613,N
Javier Baez,2018,Cubs,NL,2B,34,101,111,0.29,0.881,Y
Jeff McNeil,2018,Mets,NL,2B,3,35,19,0.329,0.852,N
Scooter Gennett,2018,Reds,NL,2B,23,86,92,0.31,0.847,N
Robinson Cano,2018,Mariners,AL,2B,10,44,50,0.303,0.845,N
Jose Altuve,2018,Astros,AL,2B,13,84,61,0.316,0.837,Y
Gleyber Torres,2018,Yankees,AL,2B,24,54,77,0.271,0.82,N
Ben Zobrist,2018,Cubs,NL,2B,9,67,58,0.305,0.817,N
Whit Merrifield,2018,Royals,AL,2B,12,88,60,0.304,0.806,N
Jed Lowrie,2018,Athletics,AL,2B,23,78,99,0.267,0.801,N
Adam Frazier,2018,Pirates,NL,2B,10,52,35,0.277,0.798,N
Daniel Robertson,2018,Rays,AL,2B,9,46,34,0.262,0.797,N
Daniel Murphy,2018,Nationals,NL,2B,12,40,42,0.299,0.79,N
Daniel Descalso,2018,Diamondbacks,NL,2B,13,54,57,0.238,0.789,N
Joey Wendle,2018,Rays,AL,2B,7,62,61,0.3,0.789,N
Asdrubal Cabrera,2018,Mets,NL,2B,23,68,75,0.262,0.774,N
Brock Holt,2018,Red Sox,AL,2B,7,41,46,0.277,0.774,N
Ketel Marte,2018,Diamondbacks,NL,2B,14,68,59,0.26,0.768,N
Ozzie Albies,2018,Braves,NL,2B,24,105,72,0.261,0.757,N
Lourdes Gurriel Jr.,2018,Blue Jays,AL,2B,11,30,35,0.281,0.755,N
Rougned Odor,2018,Rangers,AL,2B,18,76,63,0.253,0.751,N
DJ LeMahieu,2018,Rockies,NL,2B,15,90,62,0.276,0.749,N
Niko Goodrum,2018,Tigers,AL,2B,16,55,53,0.245,0.747,N
Starlin Castro,2018,Marlins,NL,2B,12,76,54,0.278,0.729,N
Brad Miller,2018,Rays,AL,2B,7,21,29,0.248,0.724,N
Kolten Wong,2018,Cardinals,NL,2B,9,41,38,0.249,0.72,N
Cesar Hernandez,2018,Phillies,NL,2B,15,91,60,0.253,0.718,N
Yoan Moncada,2018,White Sox,AL,2B,17,73,61,0.235,0.714,N
Jonathan Villar,2018,Brewers,NL,2B,14,54,46,0.26,0.709,N
Jason Kipnis,2018,Indians,AL,2B,18,65,75,0.23,0.704,N
Alen Hanson,2018,Giants,NL,2B,8,36,39,0.252,0.699,N
Brian Dozier,2018,Twins,AL,2B,21,81,72,0.215,0.696,N
Jonathan Schoop,2018,Orioles,AL,2B,21,61,61,0.233,0.682,N
Ian Kinsler,2018,Angels,AL,2B,14,66,48,0.24,0.681,N
David Fletcher,2018,Angels,AL,2B,1,35,25,0.275,0.678,N
Eduardo Nunez,2018,Red Sox,AL,2B,10,56,44,0.265,0.677,N
Hernan Perez,2018,Brewers,NL,2B,9,36,29,0.253,0.676,N
Neil Walker,2018,Yankees,AL,2B,11,48,46,0.219,0.664,N
Cory Spangenberg,2018,Padres,NL,2B,7,35,25,0.235,0.661,N
Devon Travis,2018,Blue Jays,AL,2B,11,41,44,0.232,0.656,N
Josh Harrison,2018,Pirates,NL,2B,8,41,37,0.25,0.656,N
Wilmer Difo,2018,Nationals,NL,2B,7,55,42,0.23,0.649,N
Jose Pirela,2018,Padres,NL,2B,5,54,32,0.249,0.645,N
Joe Panik,2018,Giants,NL,2B,4,38,24,0.254,0.639,N
Dee Gordon,2018,Mariners,AL,2B,4,62,36,0.268,0.637,N
Greg Garcia,2018,Cardinals,NL,2B,3,15,15,0.221,0.613,N
Logan Forsythe,2018,Dodgers,NL,2B,2,37,27,0.232,0.604,N
Ronny Rodriguez,2018,Tigers,AL,2B,5,17,20,0.22,0.591,N
Carlos Asuaje,2018,Padres,NL,2B,2,15,19,0.196,0.566,N
Dixon Machado,2018,Tigers,AL,2B,1,20,21,0.206,0.553,N
Jose Altuve,2017,Astros,AL,2B,24,112,81,0.346,0.957,Y
Jose Ramirez,2017,Indians,AL,2B,29,107,83,0.318,0.957,N
Daniel Murphy,2017,Nationals,NL,2B,23,94,93,0.322,0.928,Y
Austin Barnes,2017,Dodgers,NL,2B,8,35,38,0.289,0.895,N
Scooter Gennett,2017,Reds,NL,2B,27,80,97,0.295,0.874,N
Brian Dozier,2017,Twins,AL,2B,34,106,93,0.271,0.856,N
Ian Happ,2017,Cubs,NL,2B,24,62,68,0.253,0.842,N
Jonathan Schoop,2017,Orioles,AL,2B,32,92,105,0.293,0.841,N
Ozzie Albies,2017,Braves,NL,2B,6,34,28,0.286,0.81,N
Jed Lowrie,2017,Athletics,AL,2B,14,86,69,0.277,0.808,N
Neil Walker,2017,Mets,NL,2B,14,59,49,0.265,0.801,N
Javier Baez,2017,Cubs,NL,2B,23,75,75,0.273,0.796,N
Cesar Hernandez,2017,Phillies,NL,2B,9,85,34,0.294,0.793,N
Starlin Castro,2017,Yankees,AL,2B,16,66,63,0.3,0.792,N
Robinson Cano,2017,Mariners,AL,2B,23,79,97,0.28,0.791,N
Kolten Wong,2017,Cardinals,NL,2B,4,55,42,0.285,0.788,N
Asdrubal Cabrera,2017,Mets,NL,2B,14,66,59,0.28,0.785,N
Whit Merrifield,2017,Royals,AL,2B,19,80,78,0.288,0.784,N
DJ LeMahieu,2017,Rockies,NL,2B,8,95,64,0.31,0.783,N
Josh Harrison,2017,Pirates,NL,2B,16,66,47,0.272,0.771,N
Eric Sogard,2017,Brewers,NL,2B,3,37,18,0.273,0.77,N
Joe Panik,2017,Giants,NL,2B,10,60,53,0.288,0.768,N
Brandon Drury,2017,Diamondbacks,NL,2B,13,41,63,0.267,0.764,N
Dustin Pedroia,2017,Red Sox,AL,2B,7,46,62,0.293,0.76,N
Yoan Moncada,2017,White Sox,AL,2B,8,31,22,0.231,0.75,N
Adam Frazier,2017,Pirates,NL,2B,6,55,53,0.276,0.743,N
Brandon Phillips,2017,Braves,NL,2B,13,81,60,0.285,0.735,N
Yolmer Sanchez,2017,White Sox,AL,2B,12,63,59,0.267,0.732,N
Yangervis Solarte,2017,Padres,NL,2B,18,49,64,0.255,0.731,N
Chase Utley,2017,Dodgers,NL,2B,8,43,34,0.236,0.728,N
Daniel Descalso,2017,Diamondbacks,NL,2B,10,47,51,0.233,0.727,N
Ian Kinsler,2017,Tigers,AL,2B,22,90,52,0.236,0.725,N
Dee Gordon,2017,Marlins,NL,2B,2,114,33,0.308,0.716,N
Jason Kipnis,2017,Indians,AL,2B,12,43,35,0.232,0.705,N
Greg Garcia,2017,Cardinals,NL,2B,2,27,20,0.253,0.697,N
Carlos Asuaje,2017,Padres,NL,2B,4,28,21,0.27,0.696,N
Ben Zobrist,2017,Cubs,NL,2B,12,58,50,0.232,0.693,N
Wilmer Difo,2017,Nationals,NL,2B,5,47,21,0.271,0.69,N
Ronald Torreyes,2017,Yankees,AL,2B,3,35,36,0.292,0.689,N
Logan Forsythe,2017,Dodgers,NL,2B,6,56,36,0.224,0.678,N
Jonathan Villar,2017,Brewers,NL,2B,11,49,40,0.241,0.665,N
Brad Miller,2017,Rays,AL,2B,9,43,40,0.201,0.664,N
Rougned Odor,2017,Rangers,AL,2B,30,79,75,0.204,0.649,N
Kelby Tomlinson,2017,Giants,NL,2B,1,32,11,0.258,0.646,N
Ryan Goins,2017,Blue Jays,AL,2B,9,37,62,0.237,0.643,N
Cliff Pennington,2017,Angels,AL,2B,3,23,21,0.253,0.635,N
Daniel Robertson,2017,Rays,AL,2B,5,22,19,0.206,0.634,N
Jose Peraza,2017,Reds,NL,2B,5,50,37,0.259,0.622,N
Alen Hanson,2017,White Sox,AL,2B,4,36,11,0.221,0.607,N
Darwin Barney,2017,Blue Jays,AL,2B,6,34,25,0.232,0.602,N
Danny Espinosa,2017,Angels,AL,2B,6,30,31,0.173,0.523,N
Tyler Saladino,2017,White Sox,AL,2B,0,23,10,0.178,0.484,N
Daniel Murphy,2016,Nationals,NL,2B,25,88,104,0.347,0.985,Y
Trea Turner,2016,Nationals,NL,2B,13,53,40,0.342,0.937,N
Jose Altuve,2016,Astros,AL,2B,24,108,96,0.338,0.928,Y
DJ LeMahieu,2016,Rockies,NL,2B,11,104,66,0.348,0.911,N
Brian Dozier,2016,Twins,AL,2B,42,104,99,0.268,0.886,N
Matt Carpenter,2016,Cardinals,NL,2B,21,81,68,0.271,0.885,N
Robinson Cano,2016,Mariners,AL,2B,39,107,103,0.298,0.882,N
Ryan Schimpf,2016,Padres,NL,2B,20,48,51,0.217,0.869,N
Jean Segura,2016,Diamondbacks,NL,2B,20,102,64,0.319,0.867,N
Ben Zobrist,2016,Cubs,NL,2B,18,94,76,0.272,0.831,N
Ian Kinsler,2016,Tigers,AL,2B,28,117,83,0.288,0.831,N
Dustin Pedroia,2016,Red Sox,AL,2B,15,105,74,0.318,0.825,N
Neil Walker,2016,Mets,NL,2B,23,57,55,0.282,0.823,N
Adam Rosales,2016,Padres,NL,2B,13,37,35,0.229,0.814,N
Jason Kipnis,2016,Indians,AL,2B,23,91,82,0.275,0.811,N
Jedd Gyorko,2016,Cardinals,NL,2B,30,58,59,0.243,0.801,N
Derek Dietrich,2016,Marlins,NL,2B,7,39,42,0.279,0.798,N
Rougned Odor,2016,Rangers,AL,2B,33,89,88,0.271,0.798,N
Devon Travis,2016,Blue Jays,AL,2B,11,54,50,0.3,0.785,N
Logan Forsythe,2016,Rays,AL,2B,20,76,52,0.264,0.778,N
Cesar Hernandez,2016,Phillies,NL,2B,6,67,39,0.294,0.764,N
Greg Garcia,2016,Cardinals,NL,2B,3,33,17,0.276,0.762,N
Jonathan Schoop,2016,Orioles,AL,2B,25,82,82,0.267,0.752,N
Javier Baez,2016,Cubs,NL,2B,14,50,59,0.273,0.737,N
Brandon Phillips,2016,Reds,NL,2B,11,74,64,0.291,0.736,N
Tim Beckham,2016,Rays,AL,2B,5,25,16,0.247,0.735,N
Starlin Castro,2016,Yankees,AL,2B,21,63,70,0.27,0.734,N
Scooter Gennett,2016,Brewers,NL,2B,14,58,56,0.263,0.728,N
Tyler Saladino,2016,White Sox,AL,2B,8,33,38,0.282,0.725,N
Brett Lawrie,2016,White Sox,AL,2B,12,35,36,0.248,0.723,N
Andres Blanco,2016,Phillies,NL,2B,4,26,21,0.253,0.721,N
Chase Utley,2016,Dodgers,NL,2B,14,79,52,0.252,0.716,N
Whit Merrifield,2016,Royals,AL,2B,2,44,29,0.283,0.716,N
Jace Peterson,2016,Braves,NL,2B,7,45,29,0.254,0.715,N
Josh Harrison,2016,Pirates,NL,2B,4,57,59,0.283,0.699,N
Kelly Johnson,2016,Mets,NL,2B,10,25,34,0.247,0.698,N
Darwin Barney,2016,Blue Jays,AL,2B,4,35,19,0.269,0.695,N
Joe Panik,2016,Giants,NL,2B,10,67,62,0.239,0.695,N
Phil Gosselin,2016,Diamondbacks,NL,2B,2,26,13,0.277,0.692,N
Kolten Wong,2016,Cardinals,NL,2B,5,39,23,0.24,0.682,N
Johnny Giavotella,2016,Angels,AL,2B,6,44,31,0.26,0.662,N
Gregorio Petit,2016,Angels,AL,2B,2,21,17,0.245,0.647,N
Gordon Beckham,2016,Braves,NL,2B,5,25,31,0.212,0.641,N
Dee Gordon,2016,Marlins,NL,2B,1,47,14,0.268,0.641,N
Jed Lowrie,2016,Athletics,AL,2B,2,30,27,0.263,0.637,N
Ivan De Jesus,2016,Reds,NL,2B,1,21,20,0.253,0.623,N
Miguel Rojas,2016,Marlins,NL,2B,1,27,14,0.247,0.613,N
Trevor Story,2018,Rockies,NL,SS,37,88,108,0.291,0.914,Y
Manny Machado,2018,Orioles,AL,SS,37,84,107,0.297,0.905,N
Xander Bogaerts,2018,Red Sox,AL,SS,23,72,103,0.288,0.883,N
Javier Baez,2018,Cubs,NL,SS,34,101,111,0.29,0.881,N
Francisco Lindor,2018,Indians,AL,SS,38,129,92,0.277,0.871,Y
Didi Gregorius,2018,Yankees,AL,SS,27,89,86,0.268,0.829,N
Adalberto Mondesi,2018,Royals,AL,SS,14,47,37,0.276,0.804,N
Daniel Robertson,2018,Rays,AL,SS,9,46,34,0.262,0.797,N
Jurickson Profar,2018,Rangers,AL,SS,20,82,77,0.254,0.793,N
Chris Taylor,2018,Dodgers,NL,SS,17,85,63,0.254,0.775,N
Jorge Polanco,2018,Twins,AL,SS,6,38,42,0.288,0.773,N
Yairo Munoz,2018,Cardinals,NL,SS,8,39,42,0.276,0.763,N
Trea Turner,2018,Nationals,NL,SS,19,103,73,0.271,0.76,N
Aledmys Diaz,2018,Blue Jays,AL,SS,18,55,55,0.263,0.756,N
Jean Segura,2018,Mariners,AL,SS,10,91,63,0.304,0.755,N
Lourdes Gurriel Jr.,2018,Blue Jays,AL,SS,11,30,35,0.281,0.755,N
Willy Adames,2018,Rays,AL,SS,10,43,34,0.278,0.754,N
Andrelton Simmons,2018,Angels,AL,SS,11,68,75,0.292,0.754,N
Paul DeJong,2018,Cardinals,NL,SS,19,68,68,0.241,0.746,N
Jose Peraza,2018,Reds,NL,SS,14,85,58,0.288,0.742,N
Carlos Correa,2018,Astros,AL,SS,15,60,65,0.239,0.728,N
Brandon Crawford,2018,Giants,NL,SS,14,63,54,0.254,0.719,N
Marcus Semien,2018,Athletics,AL,SS,15,89,70,0.255,0.706,N
Nick Ahmed,2018,Diamondbacks,NL,SS,16,61,70,0.234,0.7,N
Jose Iglesias,2018,Tigers,AL,SS,5,43,48,0.269,0.699,N
Dansby Swanson,2018,Braves,NL,SS,14,51,59,0.238,0.699,N
Jordy Mercer,2018,Pirates,NL,SS,6,43,39,0.251,0.696,N
Tim Anderson,2018,White Sox,AL,SS,20,77,64,0.24,0.687,N
Ehire Adrianza,2018,Twins,AL,SS,6,42,39,0.251,0.68,N
Freddy Galvis,2018,Padres,NL,SS,13,62,67,0.248,0.68,N
Amed Rosario,2018,Mets,NL,SS,9,76,51,0.256,0.676,N
Elvis Andrus,2018,Rangers,AL,SS,6,53,33,0.256,0.675,N
Tim Beckham,2018,Orioles,AL,SS,12,45,35,0.23,0.661,N
Addison Russell,2018,Cubs,NL,SS,5,52,38,0.25,0.657,N
J.T. Riddle,2018,Marlins,NL,SS,9,28,36,0.231,0.653,N
Miguel Rojas,2018,Marlins,NL,SS,11,44,53,0.252,0.643,N
Adeiny Hechavarria,2018,Rays,AL,SS,6,34,31,0.247,0.624,N
Greg Garcia,2018,Cardinals,NL,SS,3,15,15,0.221,0.613,N
Scott Kingery,2018,Phillies,NL,SS,8,55,35,0.226,0.605,N
Alcides Escobar,2018,Royals,AL,SS,4,54,34,0.231,0.593,N
Ronny Rodriguez,2018,Tigers,AL,SS,5,17,20,0.22,0.591,N
Jose Reyes,2018,Mets,NL,SS,4,30,16,0.189,0.58,N
Orlando Arcia,2018,Brewers,NL,SS,3,32,30,0.236,0.576,N
Carlos Correa,2017,Astros,AL,SS,24,82,84,0.315,0.941,N
Zack Cozart,2017,Reds,NL,SS,24,80,63,0.297,0.933,N
Paul DeJong,2017,Cardinals,NL,SS,25,55,65,0.285,0.857,N
Corey Seager,2017,Dodgers,NL,SS,22,85,77,0.295,0.854,Y
Francisco Lindor,2017,Indians,AL,SS,33,99,89,0.273,0.842,Y
Elvis Andrus,2017,Rangers,AL,SS,20,100,88,0.297,0.808,N
Didi Gregorius,2017,Yankees,AL,SS,25,73,87,0.287,0.796,N
Javier Baez,2017,Cubs,NL,SS,23,75,75,0.273,0.796,N
Trea Turner,2017,Nationals,NL,SS,11,75,45,0.284,0.789,N
Asdrubal Cabrera,2017,Mets,NL,SS,14,66,59,0.28,0.785,N
Johan Camargo,2017,Braves,NL,SS,4,30,27,0.299,0.783,N
Tim Beckham,2017,Orioles,AL,SS,22,67,62,0.278,0.782,N
Jean Segura,2017,Mariners,AL,SS,11,80,45,0.3,0.776,N
Eric Sogard,2017,Brewers,NL,SS,3,37,18,0.273,0.77,N
Trevor Story,2017,Rockies,NL,SS,24,68,82,0.239,0.765,N
Andrelton Simmons,2017,Angels,AL,SS,14,77,69,0.278,0.752,N
Xander Bogaerts,2017,Red Sox,AL,SS,10,94,62,0.273,0.746,N
Chris Owings,2017,Diamondbacks,NL,SS,12,41,51,0.268,0.741,N
Ketel Marte,2017,Diamondbacks,NL,SS,5,30,18,0.26,0.74,N
Miguel Rojas,2017,Marlins,NL,SS,1,37,26,0.29,0.736,N
Jordy Mercer,2017,Pirates,NL,SS,14,52,58,0.255,0.733,N
Orlando Arcia,2017,Brewers,NL,SS,15,56,53,0.277,0.731,N
Jose Reyes,2017,Mets,NL,SS,15,75,58,0.246,0.728,N
Jorge Polanco,2017,Twins,AL,SS,13,60,74,0.256,0.723,N
Addison Russell,2017,Cubs,NL,SS,12,52,43,0.239,0.722,N
Marcus Semien,2017,Athletics,AL,SS,10,53,40,0.249,0.722,N
Brandon Crawford,2017,Giants,NL,SS,14,58,77,0.253,0.709,N
Adeiny Hechavarria,2017,Marlins,NL,SS,8,37,30,0.261,0.695,N
Freddy Galvis,2017,Phillies,NL,SS,12,71,61,0.255,0.69,N
Wilmer Difo,2017,Nationals,NL,SS,5,47,21,0.271,0.69,N
Ronald Torreyes,2017,Yankees,AL,SS,3,35,36,0.292,0.689,N
Aledmys Diaz,2017,Cardinals,NL,SS,7,31,20,0.259,0.682,N
Tim Anderson,2017,White Sox,AL,SS,17,72,56,0.257,0.679,N
Troy Tulowitzki,2017,Blue Jays,AL,SS,7,16,26,0.249,0.678,N
Jose Iglesias,2017,Tigers,AL,SS,6,56,54,0.255,0.657,N
Erick Aybar,2017,Padres,NL,SS,7,37,22,0.234,0.648,N
Ryan Goins,2017,Blue Jays,AL,SS,9,37,62,0.237,0.643,N
J.T. Riddle,2017,Marlins,NL,SS,3,20,31,0.25,0.637,N
Dansby Swanson,2017,Braves,NL,SS,6,59,51,0.232,0.636,N
Daniel Robertson,2017,Rays,AL,SS,5,22,19,0.206,0.634,N
Alcides Escobar,2017,Royals,AL,SS,6,71,54,0.25,0.629,N
Jose Peraza,2017,Reds,NL,SS,5,50,37,0.259,0.622,N
Adam Rosales,2017,Twins,AL,SS,7,25,36,0.225,0.613,N
Taylor Motter,2017,Mariners,AL,SS,7,29,26,0.198,0.583,N
Allen Cordoba,2017,Padres,NL,SS,4,17,15,0.208,0.579,N
J.J. Hardy,2017,Orioles,AL,SS,4,24,24,0.217,0.578,N
Trevor Story,2016,Rockies,NL,SS,27,67,72,0.272,0.909,N
Aledmys Diaz,2016,Cardinals,NL,SS,17,71,65,0.3,0.879,N
Corey Seager,2016,Dodgers,NL,SS,26,105,72,0.308,0.877,Y
Manny Machado,2016,Orioles,AL,SS,37,105,96,0.294,0.876,N
Jonathan Villar,2016,Brewers,NL,SS,19,92,63,0.285,0.826,N
Carlos Correa,2016,Astros,AL,SS,20,76,96,0.274,0.811,N
Asdrubal Cabrera,2016,Mets,NL,SS,23,65,62,0.28,0.81,N
Xander Bogaerts,2016,Red Sox,AL,SS,21,115,89,0.294,0.802,Y
Elvis Andrus,2016,Rangers,AL,SS,8,75,69,0.302,0.8,N
Francisco Lindor,2016,Indians,AL,SS,15,99,78,0.301,0.794,N
Brad Miller,2016,Rays,AL,SS,30,73,81,0.243,0.786,N
Daniel Descalso,2016,Rockies,NL,SS,8,38,38,0.264,0.773,N
Brandon Crawford,2016,Giants,NL,SS,12,67,84,0.275,0.772,N
Jose Peraza,2016,Reds,NL,SS,3,25,25,0.324,0.762,N
Greg Garcia,2016,Cardinals,NL,SS,3,33,17,0.276,0.762,N
Troy Tulowitzki,2016,Blue Jays,AL,SS,24,54,79,0.254,0.761,N
Eduardo Nunez,2016,Twins,AL,SS,16,73,67,0.288,0.758,N
Jorge Polanco,2016,Twins,AL,SS,4,24,27,0.282,0.757,N
Didi Gregorius,2016,Yankees,AL,SS,20,68,70,0.276,0.751,N
Tim Anderson,2016,White Sox,AL,SS,9,57,30,0.283,0.738,N
Addison Russell,2016,Cubs,NL,SS,21,67,95,0.238,0.738,N
Tim Beckham,2016,Rays,AL,SS,5,25,16,0.247,0.735,N
Marcus Semien,2016,Athletics,AL,SS,27,72,75,0.238,0.735,N
Zack Cozart,2016,Reds,NL,SS,16,67,50,0.252,0.732,N
Chris Owings,2016,Diamondbacks,NL,SS,5,52,49,0.277,0.731,N
Tyler Saladino,2016,White Sox,AL,SS,8,33,38,0.282,0.725,N
J.J. Hardy,2016,Orioles,AL,SS,9,43,48,0.269,0.716,N
Jordy Mercer,2016,Pirates,NL,SS,11,66,59,0.256,0.701,N
Andrelton Simmons,2016,Angels,AL,SS,4,48,44,0.281,0.69,N
Danny Espinosa,2016,Nationals,NL,SS,24,66,72,0.209,0.684,N
Freddy Galvis,2016,Phillies,NL,SS,20,61,67,0.241,0.673,N
Chase d'Arnaud,2016,Braves,NL,SS,1,24,21,0.245,0.652,N
Gregorio Petit,2016,Angels,AL,SS,2,21,17,0.245,0.647,N
Jose Iglesias,2016,Tigers,AL,SS,4,57,32,0.255,0.643,N
Alcides Escobar,2016,Royals,AL,SS,7,57,55,0.261,0.642,N
Orlando Arcia,2016,Brewers,NL,SS,4,21,17,0.219,0.631,N
Ivan De Jesus,2016,Reds,NL,SS,1,21,20,0.253,0.623,N
Erick Aybar,2016,Angels,AL,SS,3,34,34,0.243,0.623,N
Eduardo Escobar,2016,Twins,AL,SS,6,32,37,0.236,0.618,N
Shawn O'Malley,2016,Mariners,AL,SS,2,24,17,0.229,0.618,N
Alexei Ramirez,2016,White Sox,AL,SS,6,38,48,0.241,0.61,N
Ketel Marte,2016,Mariners,AL,SS,1,55,33,0.259,0.61,N
Cristhian Adames,2016,Rockies,NL,SS,2,25,17,0.218,0.607,N
Adeiny Hechavarria,2016,Marlins,NL,SS,3,52,38,0.236,0.594,N
Nick Ahmed,2016,Diamondbacks,NL,SS,4,26,20,0.218,0.564,N
Max Muncy,2018,Dodgers,NL,3B,35,75,79,0.263,0.973,N
Jose Ramirez,2018,Indians,AL,3B,39,110,105,0.27,0.939,Y
Nolan Arenado,2018,Rockies,NL,3B,38,104,110,0.297,0.935,Y
Alex Bregman,2018,Astros,AL,3B,31,105,103,0.286,0.926,N
Justin Turner,2018,Dodgers,NL,3B,14,62,52,0.312,0.924,N
Anthony Rendon,2018,Nationals,NL,3B,24,88,92,0.308,0.909,N
Matt Carpenter,2018,Cardinals,NL,3B,36,111,81,0.257,0.897,N
Eugenio Suarez,2018,Reds,NL,3B,34,79,104,0.283,0.892,N
Matt Chapman,2018,Athletics,AL,3B,24,100,68,0.278,0.864,N
Miguel Andujar,2018,Yankees,AL,3B,27,83,92,0.297,0.855,N
Kris Bryant,2018,Cubs,NL,3B,13,59,52,0.272,0.834,N
David Freese,2018,Pirates,NL,3B,11,38,51,0.296,0.83,N
Travis Shaw,2018,Brewers,NL,3B,32,73,86,0.241,0.825,N
Eduardo Escobar,2018,Twins,AL,3B,23,75,84,0.272,0.824,N
Johan Camargo,2018,Braves,NL,3B,19,63,76,0.272,0.806,N
Josh Donaldson,2018,Blue Jays,AL,3B,8,30,23,0.246,0.801,N
Jurickson Profar,2018,Rangers,AL,3B,20,82,77,0.254,0.793,N
Daniel Descalso,2018,Diamondbacks,NL,3B,13,54,57,0.238,0.789,N
Maikel Franco,2018,Phillies,NL,3B,22,48,68,0.27,0.78,N
Mike Moustakas,2018,Royals,AL,3B,28,66,95,0.251,0.774,N
Wil Myers,2018,Padres,NL,3B,11,39,39,0.253,0.763,N
Adrian Beltre,2018,Rangers,AL,3B,15,49,65,0.273,0.763,N
Jedd Gyorko,2018,Cardinals,NL,3B,11,49,47,0.262,0.762,N
Brian Anderson,2018,Marlins,NL,3B,11,87,65,0.273,0.757,N
Aledmys Diaz,2018,Blue Jays,AL,3B,18,55,55,0.263,0.756,N
Christian Villanueva,2018,Padres,NL,3B,20,42,46,0.236,0.75,N
Colin Moran,2018,Pirates,NL,3B,11,49,58,0.277,0.747,N
Renato Nunez,2018,Orioles,AL,3B,8,28,22,0.258,0.741,N
Rafael Devers,2018,Red Sox,AL,3B,21,59,66,0.24,0.731,N
David Bote,2018,Cubs,NL,3B,6,23,33,0.239,0.727,N
Pablo Sandoval,2018,Giants,NL,3B,9,22,40,0.248,0.727,N
Matt Duffy,2018,Rays,AL,3B,4,59,44,0.294,0.727,N
Danny Valencia,2018,Orioles,AL,3B,9,28,28,0.263,0.723,N
Jeimer Candelario,2018,Tigers,AL,3B,19,78,54,0.224,0.71,N
Evan Longoria,2018,Giants,NL,3B,16,51,54,0.244,0.694,N
Todd Frazier,2018,Mets,NL,3B,18,54,59,0.213,0.693,N
Ryan McMahon,2018,Rockies,NL,3B,5,17,19,0.232,0.683,N
Isiah Kiner-Falefa,2018,Rangers,AL,3B,4,43,34,0.261,0.682,N
Miguel Sano,2018,Twins,AL,3B,13,32,41,0.199,0.679,N
David Fletcher,2018,Angels,AL,3B,1,35,25,0.275,0.678,N
Yolmer Sanchez,2018,White Sox,AL,3B,8,62,55,0.242,0.678,N
Eduardo Nunez,2018,Red Sox,AL,3B,10,56,44,0.265,0.677,N
Kyle Seager,2018,Mariners,AL,3B,22,62,78,0.221,0.673,N
Hunter Dozier,2018,Royals,AL,3B,11,36,34,0.229,0.673,N
Tim Beckham,2018,Orioles,AL,3B,12,45,35,0.23,0.661,N
Cory Spangenberg,2018,Padres,NL,3B,7,35,25,0.235,0.661,N
Zack Cozart,2018,Angels,AL,3B,5,29,18,0.219,0.658,N
Yangervis Solarte,2018,Blue Jays,AL,3B,17,50,54,0.226,0.655,N
Jake Lamb,2018,Diamondbacks,NL,3B,6,34,31,0.222,0.655,N
Jace Peterson,2018,Orioles,AL,3B,3,21,28,0.2,0.634,N
Martin Prado,2018,Marlins,NL,3B,1,16,18,0.244,0.592,N
Luis Valbuena,2018,Angels,AL,3B,9,23,33,0.199,0.588,N
Jose Reyes,2018,Mets,NL,3B,4,30,16,0.189,0.58,N
Nolan Arenado,2017,Rockies,NL,3B,37,100,130,0.309,0.959,Y
Jose Ramirez,2017,Indians,AL,3B,29,107,83,0.318,0.957,Y
Kris Bryant,2017,Cubs,NL,3B,29,111,73,0.295,0.946,N
Justin Turner,2017,Dodgers,NL,3B,21,72,71,0.322,0.945,N
Josh Donaldson,2017,Blue Jays,AL,3B,33,65,78,0.27,0.944,N
Anthony Rendon,2017,Nationals,NL,3B,25,81,100,0.301,0.937,N
Adrian Beltre,2017,Rangers,AL,3B,17,47,71,0.312,0.915,N
Joey Gallo,2017,Rangers,AL,3B,41,85,80,0.209,0.869,N
Travis Shaw,2017,Brewers,NL,3B,31,84,101,0.273,0.862,N
Miguel Sano,2017,Twins,AL,3B,28,75,77,0.264,0.859,N
Jake Lamb,2017,Diamondbacks,NL,3B,30,89,105,0.248,0.844,N
Mike Moustakas,2017,Royals,AL,3B,38,75,85,0.272,0.835,N
Eugenio Suarez,2017,Reds,NL,3B,26,87,82,0.26,0.828,N
Alex Bregman,2017,Astros,AL,3B,19,88,71,0.284,0.827,N
Rafael Devers,2017,Red Sox,AL,3B,10,34,30,0.284,0.819,N
Jedd Gyorko,2017,Cardinals,NL,3B,20,52,67,0.272,0.813,N
Nicholas Castellanos,2017,Tigers,AL,3B,26,73,101,0.272,0.811,N
Eduardo Nunez,2017,Giants,NL,3B,12,60,58,0.313,0.801,N
Wilmer Flores,2017,Mets,NL,3B,18,42,52,0.271,0.795,N
Matt Chapman,2017,Athletics,AL,3B,14,39,40,0.234,0.785,N
Asdrubal Cabrera,2017,Mets,NL,3B,14,66,59,0.28,0.785,N
Johan Camargo,2017,Braves,NL,3B,4,30,27,0.299,0.783,N
Manny Machado,2017,Orioles,AL,3B,33,81,95,0.259,0.782,N
Kyle Seager,2017,Mariners,AL,3B,27,72,88,0.249,0.773,N
Todd Frazier,2017,Yankees,AL,3B,27,74,76,0.213,0.772,N
Josh Harrison,2017,Pirates,NL,3B,16,66,47,0.272,0.771,N
T.J. Rivera,2017,Mets,NL,3B,5,27,27,0.29,0.76,N
Derek Dietrich,2017,Marlins,NL,3B,13,56,53,0.249,0.758,N
Eduardo Escobar,2017,Twins,AL,3B,21,62,73,0.254,0.758,N
Chase Headley,2017,Yankees,AL,3B,12,77,61,0.273,0.758,N
David Freese,2017,Pirates,NL,3B,10,44,52,0.263,0.739,N
Evan Longoria,2017,Rays,AL,3B,20,71,86,0.261,0.737,N
Yolmer Sanchez,2017,White Sox,AL,3B,12,63,59,0.267,0.732,N
Yunel Escobar,2017,Angels,AL,3B,7,43,31,0.274,0.73,N
Luis Valbuena,2017,Angels,AL,3B,22,42,65,0.199,0.727,N
Cory Spangenberg,2017,Padres,NL,3B,13,57,46,0.264,0.723,N
Matt Davidson,2017,White Sox,AL,3B,26,43,68,0.22,0.711,N
Greg Garcia,2017,Cardinals,NL,3B,2,27,20,0.253,0.697,N
Maikel Franco,2017,Phillies,NL,3B,24,66,76,0.23,0.69,N
Logan Forsythe,2017,Dodgers,NL,3B,6,56,36,0.224,0.678,N
Kelby Tomlinson,2017,Giants,NL,3B,1,32,11,0.258,0.646,N
Pablo Sandoval,2017,Giants,NL,3B,9,27,32,0.22,0.632,N
Darwin Barney,2017,Blue Jays,AL,3B,6,34,25,0.232,0.602,N
Trevor Plouffe,2017,Athletics,AL,3B,9,31,19,0.198,0.59,N
Tyler Saladino,2017,White Sox,AL,3B,0,23,10,0.178,0.484,N
Josh Donaldson,2016,Blue Jays,AL,3B,37,122,99,0.284,0.953,Y
Kris Bryant,2016,Cubs,NL,3B,39,121,102,0.292,0.939,N
Nolan Arenado,2016,Rockies,NL,3B,41,116,133,0.294,0.932,Y
Matt Carpenter,2016,Cardinals,NL,3B,21,81,68,0.271,0.885,N
Adrian Beltre,2016,Rangers,AL,3B,32,89,104,0.3,0.879,N
Manny Machado,2016,Orioles,AL,3B,37,105,96,0.294,0.876,N
Jung Ho Kang,2016,Pirates,NL,3B,21,45,62,0.255,0.867,N
Ryon Healy,2016,Athletics,AL,3B,13,36,37,0.305,0.861,N
Kyle Seager,2016,Mariners,AL,3B,30,89,99,0.278,0.859,N
Jake Lamb,2016,Diamondbacks,NL,3B,29,81,91,0.249,0.84,N
Evan Longoria,2016,Rays,AL,3B,36,81,98,0.273,0.84,N
Justin Turner,2016,Dodgers,NL,3B,27,79,90,0.275,0.832,N
Nicholas Castellanos,2016,Tigers,AL,3B,18,54,58,0.285,0.827,N
Jonathan Villar,2016,Brewers,NL,3B,19,92,63,0.285,0.826,N
Jose Ramirez,2016,Indians,AL,3B,11,84,76,0.312,0.825,N
Luis Valbuena,2016,Astros,AL,3B,13,38,40,0.26,0.816,N
Adam Rosales,2016,Padres,NL,3B,13,37,35,0.229,0.814,N
Yangervis Solarte,2016,Padres,NL,3B,15,55,71,0.286,0.808,N
Jedd Gyorko,2016,Cardinals,NL,3B,30,58,59,0.243,0.801,N
Anthony Rendon,2016,Nationals,NL,3B,20,91,85,0.27,0.797,N
Danny Valencia,2016,Athletics,AL,3B,17,72,51,0.287,0.792,N
Alex Bregman,2016,Astros,AL,3B,8,31,34,0.264,0.791,N
Jefry Marte,2016,Angels,AL,3B,15,38,44,0.252,0.79,N
Wilmer Flores,2016,Mets,NL,3B,16,38,49,0.267,0.788,N
Miguel Sano,2016,Twins,AL,3B,25,57,66,0.236,0.781,N
Martin Prado,2016,Marlins,NL,3B,8,70,75,0.305,0.775,N
Jose Reyes,2016,Mets,NL,3B,8,45,24,0.267,0.769,N
Todd Frazier,2016,White Sox,AL,3B,40,89,98,0.225,0.767,N
David Freese,2016,Pirates,NL,3B,13,63,55,0.27,0.764,N
Greg Garcia,2016,Cardinals,NL,3B,3,33,17,0.276,0.762,N
Eduardo Nunez,2016,Twins,AL,3B,16,73,67,0.288,0.758,N
Conor Gillaspie,2016,Giants,NL,3B,6,24,25,0.262,0.747,N
Yunel Escobar,2016,Angels,AL,3B,5,68,39,0.304,0.745,N
Javier Baez,2016,Cubs,NL,3B,14,50,59,0.273,0.737,N
Maikel Franco,2016,Phillies,NL,3B,25,67,88,0.255,0.733,N
Cheslor Cuthbert,2016,Royals,AL,3B,12,49,46,0.274,0.731,N
Hernan Perez,2016,Brewers,NL,3B,13,50,56,0.272,0.73,N
Eugenio Suarez,2016,Reds,NL,3B,21,78,70,0.248,0.728,N
Travis Shaw,2016,Red Sox,AL,3B,16,63,71,0.242,0.726,N
Trevor Plouffe,2016,Twins,AL,3B,12,35,47,0.26,0.723,N
Andres Blanco,2016,Phillies,NL,3B,4,26,21,0.253,0.721,N
Adonis Garcia,2016,Braves,NL,3B,14,65,65,0.273,0.717,N
Jhonny Peralta,2016,Cardinals,NL,3B,8,37,29,0.26,0.715,N
Aaron Hill,2016,Brewers,NL,3B,10,48,38,0.262,0.714,N
Chase Headley,2016,Yankees,AL,3B,14,58,51,0.251,0.712,N
Darwin Barney,2016,Blue Jays,AL,3B,4,35,19,0.269,0.695,N
Matt Duffy,2016,Giants,NL,3B,5,41,28,0.258,0.668,N
Jurickson Profar,2016,Rangers,AL,3B,5,35,20,0.239,0.66,N
Chase d'Arnaud,2016,Braves,NL,3B,1,24,21,0.245,0.652,N
Brett Wallace,2016,Padres,NL,3B,6,19,20,0.189,0.627,N
Juan Uribe,2016,Indians,AL,3B,7,19,25,0.206,0.591,N
Mike Trout,2018,Angels,AL,OF,39,101,79,0.312,1.088,Y
Mookie Betts,2018,Red Sox,AL,OF,32,129,80,0.346,1.078,Y
J.D. Martinez,2018,Red Sox,AL,OF,43,111,130,0.33,1.031,Y
Aaron Judge,2018,Yankees,AL,OF,27,77,67,0.278,0.919,N
Mitch Haniger,2018,Mariners,AL,OF,26,90,93,0.285,0.859,N
Nicholas Castellanos,2018,Tigers,AL,OF,23,88,89,0.298,0.854,N
Giancarlo Stanton,2018,Yankees,AL,OF,38,102,100,0.266,0.852,N
Aaron Hicks,2018,Yankees,AL,OF,27,90,79,0.248,0.833,N
Michael Brantley,2018,Indians,AL,OF,17,89,76,0.309,0.832,N
Tommy Pham,2018,Rays,AL,OF,21,102,63,0.275,0.83,N
Andrew Benintendi,2018,Red Sox,AL,OF,16,103,87,0.29,0.83,N
Stephen Piscotty,2018,Athletics,AL,OF,27,78,88,0.267,0.821,N
Jorge Soler,2018,Royals,AL,OF,9,27,28,0.265,0.82,N
Shin-Soo Choo,2018,Rangers,AL,OF,21,83,62,0.264,0.81,N
Joey Gallo,2018,Rangers,AL,OF,40,82,92,0.206,0.81,N
Justin Upton,2018,Angels,AL,OF,30,80,85,0.257,0.808,N
Randal Grichuk,2018,Blue Jays,AL,OF,25,60,61,0.245,0.803,N
Eddie Rosario,2018,Twins,AL,OF,24,87,77,0.288,0.803,N
Jake Cave,2018,Twins,AL,OF,13,54,45,0.265,0.786,N
Curtis Granderson,2018,Blue Jays,AL,OF,13,60,38,0.242,0.782,N
George Springer,2018,Astros,AL,OF,22,102,71,0.265,0.78,N
Mark Canha,2018,Athletics,AL,OF,17,60,52,0.249,0.778,N
Daniel Palka,2018,White Sox,AL,OF,27,56,67,0.24,0.778,N
Mallex Smith,2018,Rays,AL,OF,2,65,40,0.296,0.773,N
Teoscar Hernandez,2018,Blue Jays,AL,OF,22,67,57,0.239,0.771,N
Chad Pinder,2018,Athletics,AL,OF,13,43,27,0.258,0.769,N
Denard Span,2018,Mariners,AL,OF,11,63,58,0.261,0.76,N
Melky Cabrera,2018,Indians,AL,OF,6,28,39,0.28,0.755,N
Nomar Mazara,2018,Rangers,AL,OF,20,61,77,0.258,0.753,N
Robbie Grossman,2018,Twins,AL,OF,5,50,48,0.273,0.751,N
Leonys Martin,2018,Tigers,AL,OF,11,48,33,0.255,0.747,N
Tony Kemp,2018,Astros,AL,OF,6,37,30,0.263,0.743,N
Marwin Gonzalez,2018,Astros,AL,OF,16,61,68,0.247,0.733,N
Adam Jones,2018,Orioles,AL,OF,15,54,63,0.281,0.732,N
Ben Gamel,2018,Mariners,AL,OF,1,37,19,0.272,0.728,N
Max Kepler,2018,Twins,AL,OF,20,80,58,0.224,0.727,N
Danny Valencia,2018,Orioles,AL,OF,9,28,28,0.263,0.723,N
Avisail Garcia,2018,White Sox,AL,OF,19,47,49,0.236,0.719,N
Josh Reddick,2018,Astros,AL,OF,17,63,47,0.242,0.718,N
Jackie Bradley Jr.,2018,Red Sox,AL,OF,13,76,59,0.234,0.717,N
Trey Mancini,2018,Orioles,AL,OF,24,69,58,0.242,0.715,N
Joey Rickard,2018,Orioles,AL,OF,8,27,23,0.244,0.713,N
Kevin Pillar,2018,Blue Jays,AL,OF,15,65,59,0.252,0.708,N
Alex Gordon,2018,Royals,AL,OF,13,56,54,0.245,0.694,N
Brett Gardner,2018,Yankees,AL,OF,12,95,45,0.236,0.69,N
Leury Garcia,2018,White Sox,AL,OF,4,23,32,0.271,0.679,N
Matt Joyce,2018,Athletics,AL,OF,7,34,15,0.208,0.675,N
Jake Marisnick,2018,Astros,AL,OF,10,34,28,0.211,0.674,N
Jorge Bonifacio,2018,Royals,AL,OF,4,31,23,0.225,0.672,N
Brandon Guyer,2018,Indians,AL,OF,7,25,27,0.206,0.671,N
Nicky Delmonico,2018,White Sox,AL,OF,8,31,25,0.215,0.669,N
Guillermo Heredia,2018,Mariners,AL,OF,5,29,19,0.236,0.661,N
Johnny Field,2018,Rays,AL,OF,9,28,21,0.222,0.657,N
Greg Allen,2018,Indians,AL,OF,2,36,20,0.257,0.654,N
Kevin Kiermaier,2018,Rays,AL,OF,7,44,29,0.217,0.653,N
Kole Calhoun,2018,Angels,AL,OF,19,71,57,0.208,0.652,N
Dee Gordon,2018,Mariners,AL,OF,4,62,36,0.268,0.637,N
Mikie Mahtook,2018,Tigers,AL,OF,9,24,29,0.202,0.635,N
Jace Peterson,2018,Orioles,AL,OF,3,21,28,0.2,0.634,N
Carlos Gomez,2018,Rays,AL,OF,9,42,32,0.208,0.634,N
JaCoby Jones,2018,Tigers,AL,OF,11,54,34,0.207,0.63,N
Adam Engel,2018,White Sox,AL,OF,6,49,29,0.235,0.614,N
Blake Swihart,2018,Red Sox,AL,OF,3,28,18,0.229,0.613,N
Dustin Fowler,2018,Athletics,AL,OF,6,19,23,0.224,0.61,N
Rosell Herrera,2018,Royals,AL,OF,1,25,20,0.234,0.602,N
Delino DeShields,2018,Rangers,AL,OF,2,52,22,0.216,0.591,N
Rajai Davis,2018,Indians,AL,OF,1,33,6,0.224,0.559,N
Victor Reyes,2018,Tigers,AL,OF,1,35,12,0.222,0.526,N
Christian Yelich,2018,Brewers,NL,OF,36,118,110,0.326,1,Y
Juan Soto,2018,Nationals,NL,OF,22,77,70,0.292,0.923,N
Ronald Acuna Jr.,2018,Braves,NL,OF,26,78,64,0.293,0.917,N
Bryce Harper,2018,Nationals,NL,OF,34,103,100,0.249,0.889,N
Brandon Nimmo,2018,Mets,NL,OF,17,77,47,0.263,0.886,N
David Peralta,2018,Diamondbacks,NL,OF,30,75,87,0.293,0.868,Y
Charlie Blackmon,2018,Rockies,NL,OF,29,119,70,0.291,0.86,N
David Dahl,2018,Rockies,NL,OF,16,31,48,0.273,0.859,N
Rhys Hoskins,2018,Phillies,NL,OF,34,89,96,0.246,0.85,N
Joc Pederson,2018,Dodgers,NL,OF,25,65,56,0.248,0.843,N
Gregory Polanco,2018,Pirates,NL,OF,23,75,81,0.254,0.839,N
Franmil Reyes,2018,Padres,NL,OF,16,36,31,0.28,0.838,N
Jesse Winker,2018,Reds,NL,OF,7,38,43,0.299,0.836,N
Kyle Schwarber,2018,Cubs,NL,OF,26,64,61,0.238,0.823,N
Jose Martinez,2018,Cardinals,NL,OF,17,64,83,0.305,0.821,N
Yasiel Puig,2018,Dodgers,NL,OF,23,60,63,0.267,0.82,N
Matt Kemp,2018,Dodgers,NL,OF,21,62,85,0.29,0.818,N
Ben Zobrist,2018,Cubs,NL,OF,9,67,58,0.305,0.817,N
Cody Bellinger,2018,Dodgers,NL,OF,25,84,76,0.26,0.814,N
Lorenzo Cain,2018,Brewers,NL,OF,10,90,38,0.308,0.813,N
Nick Markakis,2018,Braves,NL,OF,14,78,93,0.297,0.806,Y
Enrique Hernandez,2018,Dodgers,NL,OF,21,67,52,0.256,0.806,N
Adam Eaton,2018,Nationals,NL,OF,5,55,33,0.301,0.805,N
Hunter Renfroe,2018,Padres,NL,OF,26,53,68,0.248,0.805,N
Corey Dickerson,2018,Pirates,NL,OF,13,65,55,0.3,0.804,N
A.J. Pollock,2018,Diamondbacks,NL,OF,21,61,65,0.257,0.8,N
Adam Frazier,2018,Pirates,NL,OF,10,52,35,0.277,0.798,N
Michael Conforto,2018,Mets,NL,OF,28,78,82,0.243,0.797,N
Carlos Gonzalez,2018,Rockies,NL,OF,16,71,64,0.276,0.796,N
Andrew McCutchen,2018,Pirates,NL,OF,20,83,65,0.255,0.792,N
Charlie Culberson,2018,Braves,NL,OF,12,47,45,0.27,0.792,N
Starling Marte,2018,Pirates,NL,OF,20,81,72,0.277,0.787,N
Eric Thames,2018,Brewers,NL,OF,16,41,37,0.219,0.783,N
Ryan Braun,2018,Brewers,NL,OF,20,59,64,0.254,0.782,N
Scott Schebler,2018,Reds,NL,OF,17,55,49,0.255,0.777,N
Chris Taylor,2018,Dodgers,NL,OF,17,85,63,0.254,0.775,N
Wil Myers,2018,Padres,NL,OF,11,39,39,0.253,0.763,N
Ian Happ,2018,Cubs,NL,OF,15,56,44,0.233,0.761,N
Marcell Ozuna,2018,Cardinals,NL,OF,23,69,88,0.28,0.758,N
Brian Anderson,2018,Marlins,NL,OF,11,87,65,0.273,0.757,N
Harrison Bader,2018,Cardinals,NL,OF,12,61,37,0.264,0.756,N
Derek Dietrich,2018,Marlins,NL,OF,16,72,45,0.265,0.751,N
Nick Williams,2018,Phillies,NL,OF,17,53,50,0.256,0.749,N
Domingo Santana,2018,Brewers,NL,OF,5,21,20,0.265,0.74,N
Jason Heyward,2018,Cubs,NL,OF,8,67,57,0.27,0.731,N
Odubel Herrera,2018,Phillies,NL,OF,22,64,71,0.255,0.73,N
Phillip Ervin,2018,Reds,NL,OF,7,27,31,0.252,0.728,N
Jose Bautista,2018,Mets,NL,OF,13,52,48,0.203,0.727,N
Gerardo Parra,2018,Rockies,NL,OF,6,52,53,0.284,0.714,N
Ender Inciarte,2018,Braves,NL,OF,10,83,61,0.265,0.705,N
Albert Almora Jr.,2018,Cubs,NL,OF,5,62,41,0.286,0.701,N
Jay Bruce,2018,Mets,NL,OF,9,31,37,0.223,0.68,N
Jon Jay,2018,Diamondbacks,NL,OF,3,74,40,0.268,0.678,N
Steven Souza Jr.,2018,Diamondbacks,NL,OF,5,21,29,0.22,0.678,N
Travis Jankowski,2018,Padres,NL,OF,4,45,17,0.259,0.678,N
Hernan Perez,2018,Brewers,NL,OF,9,36,29,0.253,0.676,N
Gorkys Hernandez,2018,Giants,NL,OF,15,52,40,0.234,0.676,N
Manuel Margot,2018,Padres,NL,OF,8,50,51,0.245,0.675,N
Cameron Maybin,2018,Marlins,NL,OF,4,32,28,0.249,0.662,N
Jose Pirela,2018,Padres,NL,OF,5,54,32,0.249,0.645,N
Michael A. Taylor,2018,Nationals,NL,OF,6,46,28,0.227,0.644,N
Austin Slater,2018,Giants,NL,OF,1,21,23,0.251,0.64,N
Adam Duvall,2018,Reds,NL,OF,15,48,61,0.195,0.639,N
Aaron Altherr,2018,Phillies,NL,OF,8,28,38,0.181,0.628,N
Billy Hamilton,2018,Reds,NL,OF,4,74,29,0.236,0.626,N
Austin Jackson,2018,Giants,NL,OF,3,29,32,0.245,0.624,N
Hunter Pence,2018,Giants,NL,OF,4,19,24,0.226,0.59,N
Gregor Blanco,2018,Giants,NL,OF,2,19,12,0.217,0.58,N
Lewis Brinson,2018,Marlins,NL,OF,11,31,42,0.199,0.577,N
Dexter Fowler,2018,Cardinals,NL,OF,8,40,31,0.18,0.576,N
Chris Owings,2018,Diamondbacks,NL,OF,4,34,22,0.206,0.574,N
Jarrod Dyson,2018,Diamondbacks,NL,OF,2,29,12,0.189,0.539,N
Mike Trout,2017,Angels,AL,OF,33,92,72,0.306,1.071,N
J.D. Martinez,2017,Tigers,AL,OF,45,85,104,0.303,1.066,N
Aaron Judge,2017,Yankees,AL,OF,52,128,114,0.284,1.049,Y
Marwin Gonzalez,2017,Astros,AL,OF,23,67,90,0.303,0.907,N
Justin Upton,2017,Tigers,AL,OF,35,100,109,0.273,0.901,Y
George Springer,2017,Astros,AL,OF,34,112,85,0.283,0.889,Y
Avisail Garcia,2017,White Sox,AL,OF,18,75,80,0.33,0.885,N
Lonnie Chisenhall,2017,Indians,AL,OF,12,34,53,0.288,0.881,N
Austin Jackson,2017,Indians,AL,OF,7,46,35,0.318,0.869,N
Khris Davis,2017,Athletics,AL,OF,43,91,110,0.247,0.864,N
Josh Reddick,2017,Astros,AL,OF,13,77,82,0.314,0.847,N
Aaron Hicks,2017,Yankees,AL,OF,15,54,52,0.266,0.847,N
Mitch Haniger,2017,Mariners,AL,OF,16,58,47,0.282,0.843,N
Eddie Rosario,2017,Twins,AL,OF,27,79,78,0.29,0.836,N
Trey Mancini,2017,Orioles,AL,OF,24,65,78,0.293,0.826,N
Jake Marisnick,2017,Astros,AL,OF,16,50,35,0.243,0.815,N
Corey Dickerson,2017,Rays,AL,OF,27,84,62,0.282,0.815,N
Steven Souza Jr.,2017,Rays,AL,OF,30,78,78,0.239,0.81,N
Matt Joyce,2017,Athletics,AL,OF,25,78,68,0.243,0.808,N
Mookie Betts,2017,Red Sox,AL,OF,24,101,102,0.264,0.803,N
Lorenzo Cain,2017,Royals,AL,OF,15,86,49,0.3,0.803,N
Carlos Gomez,2017,Rangers,AL,OF,17,51,51,0.255,0.802,N
Michael Brantley,2017,Indians,AL,OF,9,47,52,0.299,0.801,N
Kevin Kiermaier,2017,Rays,AL,OF,15,56,39,0.276,0.788,N
Adam Jones,2017,Orioles,AL,OF,26,82,73,0.285,0.787,N
Mikie Mahtook,2017,Tigers,AL,OF,12,50,38,0.276,0.787,N
Shin-Soo Choo,2017,Rangers,AL,OF,22,96,78,0.261,0.78,N
Brett Gardner,2017,Yankees,AL,OF,21,96,63,0.264,0.778,N
Andrew Benintendi,2017,Red Sox,AL,OF,20,84,90,0.271,0.776,N
Seth Smith,2017,Orioles,AL,OF,13,50,32,0.258,0.774,N
Alex Presley,2017,Tigers,AL,OF,3,30,20,0.314,0.77,N
Ezequiel Carrera,2017,Blue Jays,AL,OF,8,38,20,0.282,0.764,N
Steve Pearce,2017,Blue Jays,AL,OF,13,38,37,0.252,0.757,N
Jorge Bonifacio,2017,Royals,AL,OF,17,55,40,0.255,0.752,N
Chad Pinder,2017,Athletics,AL,OF,15,36,42,0.238,0.75,N
Jacoby Ellsbury,2017,Yankees,AL,OF,7,65,39,0.264,0.75,N
Melky Cabrera,2017,White Sox,AL,OF,17,78,85,0.285,0.746,N
Nomar Mazara,2017,Rangers,AL,OF,20,64,101,0.253,0.745,N
Robbie Grossman,2017,Twins,AL,OF,9,62,45,0.246,0.741,N
Leury Garcia,2017,White Sox,AL,OF,9,41,33,0.27,0.739,N
Max Kepler,2017,Twins,AL,OF,19,67,69,0.243,0.737,N
Ben Gamel,2017,Mariners,AL,OF,11,68,59,0.275,0.735,N
Nori Aoki,2017,Astros,AL,OF,5,48,35,0.277,0.728,N
Byron Buxton,2017,Twins,AL,OF,16,69,51,0.253,0.728,N
Jackie Bradley Jr.,2017,Red Sox,AL,OF,17,58,63,0.245,0.726,N
Kole Calhoun,2017,Angels,AL,OF,19,77,71,0.244,0.725,N
Delino DeShields,2017,Rangers,AL,OF,6,75,22,0.269,0.714,N
Chris Young,2017,Red Sox,AL,OF,7,30,25,0.235,0.709,N
Kevin Pillar,2017,Blue Jays,AL,OF,16,72,42,0.256,0.704,N
Bradley Zimmer,2017,Indians,AL,OF,8,41,39,0.241,0.692,N
Mallex Smith,2017,Rays,AL,OF,2,33,12,0.27,0.684,N
Cameron Maybin,2017,Angels,AL,OF,10,63,35,0.228,0.683,N
Jose Bautista,2017,Blue Jays,AL,OF,23,92,65,0.203,0.674,N
Jarrod Dyson,2017,Mariners,AL,OF,5,56,30,0.251,0.674,N
Peter Bourjos,2017,Rays,AL,OF,5,27,15,0.223,0.655,N
Ben Revere,2017,Angels,AL,OF,1,37,20,0.275,0.652,N
Guillermo Heredia,2017,Mariners,AL,OF,6,43,24,0.249,0.652,N
Rajai Davis,2017,Athletics,AL,OF,5,56,20,0.235,0.641,N
Andrew Romine,2017,Tigers,AL,OF,4,45,25,0.233,0.625,N
Joey Rickard,2017,Orioles,AL,OF,4,29,19,0.241,0.621,N
Alex Gordon,2017,Royals,AL,OF,9,52,45,0.208,0.608,N
Alen Hanson,2017,White Sox,AL,OF,4,36,11,0.221,0.607,N
Hyun Soo Kim,2017,Orioles,AL,OF,1,20,14,0.231,0.599,N
Adam Engel,2017,White Sox,AL,OF,6,34,21,0.166,0.517,N
Rhys Hoskins,2017,Phillies,NL,OF,18,37,48,0.259,1.014,N
Bryce Harper,2017,Nationals,NL,OF,29,95,87,0.319,1.008,N
Giancarlo Stanton,2017,Marlins,NL,OF,59,123,132,0.281,1.007,Y
Charlie Blackmon,2017,Rockies,NL,OF,37,137,104,0.331,1,Y
Michael Conforto,2017,Mets,NL,OF,27,72,68,0.279,0.939,N
Cody Bellinger,2017,Dodgers,NL,OF,39,87,97,0.267,0.933,N
Tommy Pham,2017,Cardinals,NL,OF,23,95,73,0.306,0.931,N
Marcell Ozuna,2017,Marlins,NL,OF,37,93,124,0.312,0.924,Y
Jose Martinez,2017,Cardinals,NL,OF,14,47,46,0.309,0.897,N
Yoenis Cespedes,2017,Mets,NL,OF,17,46,42,0.292,0.892,N
Domingo Santana,2017,Brewers,NL,OF,30,88,85,0.278,0.875,N
Adam Lind,2017,Nationals,NL,OF,14,39,59,0.303,0.875,N
Aaron Altherr,2017,Phillies,NL,OF,19,58,65,0.272,0.856,N
Dexter Fowler,2017,Cardinals,NL,OF,18,68,64,0.264,0.851,N
Chris Taylor,2017,Dodgers,NL,OF,21,85,72,0.288,0.85,N
Andrew McCutchen,2017,Pirates,NL,OF,28,94,88,0.279,0.849,N
Howie Kendrick,2017,Nationals,NL,OF,9,40,41,0.315,0.844,N
Ian Happ,2017,Cubs,NL,OF,24,62,68,0.253,0.842,N
Jose Pirela,2017,Padres,NL,OF,10,43,40,0.288,0.837,N
Yasiel Puig,2017,Dodgers,NL,OF,28,72,74,0.263,0.833,N
Jay Bruce,2017,Mets,NL,OF,36,82,101,0.254,0.832,N
Ryan Braun,2017,Brewers,NL,OF,17,58,52,0.268,0.823,N
Daniel Nava,2017,Phillies,NL,OF,4,21,21,0.301,0.813,N
Brian Goodwin,2017,Nationals,NL,OF,13,41,30,0.251,0.811,N
Nick Williams,2017,Phillies,NL,OF,12,45,55,0.288,0.811,N
Christian Yelich,2017,Marlins,NL,OF,18,100,81,0.282,0.807,N
Michael A. Taylor,2017,Nationals,NL,OF,19,55,53,0.271,0.806,N
A.J. Pollock,2017,Diamondbacks,NL,OF,14,73,49,0.266,0.801,N
Brandon Nimmo,2017,Mets,NL,OF,5,26,21,0.26,0.797,N
David Peralta,2017,Diamondbacks,NL,OF,14,82,57,0.293,0.796,N
Gerardo Parra,2017,Rockies,NL,OF,10,56,71,0.309,0.793,N
Scott Schebler,2017,Reds,NL,OF,30,63,67,0.233,0.791,N
Albert Almora Jr.,2017,Cubs,NL,OF,8,39,46,0.298,0.782,N
Kyle Schwarber,2017,Cubs,NL,OF,30,67,59,0.211,0.782,N
Adam Duvall,2017,Reds,NL,OF,31,78,99,0.249,0.782,N
Matt Kemp,2017,Braves,NL,OF,19,47,64,0.276,0.781,N
Odubel Herrera,2017,Phillies,NL,OF,14,67,56,0.281,0.778,N
Curtis Granderson,2017,Mets,NL,OF,26,74,64,0.212,0.775,N
Carlos Gonzalez,2017,Rockies,NL,OF,14,72,57,0.262,0.762,N
Ender Inciarte,2017,Braves,NL,OF,11,93,57,0.304,0.759,N
Randal Grichuk,2017,Cardinals,NL,OF,22,53,59,0.238,0.758,N
Denard Span,2017,Giants,NL,OF,12,73,43,0.272,0.756,N
Hunter Renfroe,2017,Padres,NL,OF,26,51,58,0.231,0.751,N
Jon Jay,2017,Cubs,NL,OF,2,65,34,0.296,0.749,N
Adam Frazier,2017,Pirates,NL,OF,6,55,53,0.276,0.743,N
Chris Owings,2017,Diamondbacks,NL,OF,12,41,51,0.268,0.741,N
Nick Markakis,2017,Braves,NL,OF,8,76,76,0.275,0.738,N
Joc Pederson,2017,Dodgers,NL,OF,11,44,35,0.212,0.738,N
John Jaso,2017,Pirates,NL,OF,10,28,35,0.211,0.73,N
Enrique Hernandez,2017,Dodgers,NL,OF,11,46,37,0.215,0.729,N
Daniel Descalso,2017,Diamondbacks,NL,OF,10,47,51,0.233,0.727,N
Manuel Margot,2017,Padres,NL,OF,13,53,39,0.263,0.721,N
Keon Broxton,2017,Brewers,NL,OF,20,66,49,0.22,0.719,N
Jason Heyward,2017,Cubs,NL,OF,11,59,59,0.259,0.715,N
Jayson Werth,2017,Nationals,NL,OF,10,35,29,0.226,0.715,N
Starling Marte,2017,Pirates,NL,OF,7,48,31,0.275,0.712,N
Stephen Piscotty,2017,Cardinals,NL,OF,9,40,39,0.235,0.708,N
Matt Szczur,2017,Padres,NL,OF,3,28,18,0.226,0.704,N
Hernan Perez,2017,Brewers,NL,OF,14,47,51,0.259,0.704,N
Patrick Kivlehan,2017,Reds,NL,OF,9,23,26,0.208,0.703,N
Hunter Pence,2017,Giants,NL,OF,13,55,67,0.26,0.701,N
Ian Desmond,2017,Rockies,NL,OF,7,47,40,0.274,0.701,N
Jose Osuna,2017,Pirates,NL,OF,7,31,30,0.233,0.697,N
Gregory Polanco,2017,Pirates,NL,OF,11,39,35,0.251,0.695,N
Gregor Blanco,2017,Diamondbacks,NL,OF,3,43,13,0.246,0.694,N
Ben Zobrist,2017,Cubs,NL,OF,12,58,50,0.232,0.693,N
Juan Lagares,2017,Mets,NL,OF,3,37,15,0.25,0.661,N
Gorkys Hernandez,2017,Giants,NL,OF,0,40,22,0.255,0.652,N
Ichiro Suzuki,2017,Marlins,NL,OF,3,19,20,0.255,0.649,N
Jace Peterson,2017,Braves,NL,OF,2,15,17,0.215,0.635,N
Billy Hamilton,2017,Reds,NL,OF,4,85,38,0.247,0.634,N
Chris Herrmann,2017,Diamondbacks,NL,OF,10,35,27,0.181,0.619,N
Michael Saunders,2017,Phillies,NL,OF,6,26,21,0.202,0.6,N
Allen Cordoba,2017,Padres,NL,OF,4,17,15,0.208,0.579,N
Mike Trout,2016,Angels,AL,OF,29,123,100,0.315,0.991,Y
Nelson Cruz,2016,Mariners,AL,OF,43,96,105,0.287,0.915,N
J.D. Martinez,2016,Tigers,AL,OF,22,69,68,0.307,0.908,N
Mookie Betts,2016,Red Sox,AL,OF,31,122,113,0.318,0.897,Y
Tyler Naquin,2016,Indians,AL,OF,14,52,43,0.296,0.886,N
Mark Trumbo,2016,Orioles,AL,OF,47,94,108,0.256,0.85,Y
Chris Young,2016,Red Sox,AL,OF,9,29,24,0.276,0.85,N
Carlos Beltran,2016,Yankees,AL,OF,29,73,93,0.295,0.85,N
Jackie Bradley Jr.,2016,Red Sox,AL,OF,26,94,87,0.267,0.835,N
Khris Davis,2016,Athletics,AL,OF,42,85,102,0.247,0.831,N
Robbie Grossman,2016,Twins,AL,OF,11,49,37,0.28,0.828,N
Jose Ramirez,2016,Indians,AL,OF,11,84,76,0.312,0.825,N
Jose Bautista,2016,Blue Jays,AL,OF,22,68,69,0.234,0.817,N
George Springer,2016,Astros,AL,OF,29,116,82,0.261,0.815,N
Michael Saunders,2016,Blue Jays,AL,OF,24,70,57,0.253,0.815,N
Hyun Soo Kim,2016,Orioles,AL,OF,6,36,22,0.302,0.801,N
Cameron Maybin,2016,Tigers,AL,OF,4,65,43,0.315,0.801,N
Melky Cabrera,2016,White Sox,AL,OF,14,70,86,0.296,0.8,N
Brandon Guyer,2016,Rays,AL,OF,9,39,32,0.266,0.795,N
Danny Valencia,2016,Athletics,AL,OF,17,72,51,0.287,0.792,N
Jefry Marte,2016,Angels,AL,OF,15,38,44,0.252,0.79,N
Adam Eaton,2016,White Sox,AL,OF,14,91,59,0.284,0.79,N
Kole Calhoun,2016,Angels,AL,OF,18,91,75,0.271,0.786,N
Ian Desmond,2016,Rangers,AL,OF,22,107,86,0.285,0.782,N
Miguel Sano,2016,Twins,AL,OF,25,57,66,0.236,0.781,N
Franklin Gutierrez,2016,Mariners,AL,OF,14,33,39,0.246,0.78,N
Justin Upton,2016,Tigers,AL,OF,31,81,87,0.246,0.775,N
Lonnie Chisenhall,2016,Indians,AL,OF,8,43,57,0.286,0.767,N
Corey Dickerson,2016,Rays,AL,OF,24,57,70,0.245,0.761,N
Seth Smith,2016,Mariners,AL,OF,16,62,63,0.249,0.758,N
Shin-Soo Choo,2016,Rangers,AL,OF,7,27,17,0.242,0.756,N
Josh Reddick,2016,Athletics,AL,OF,10,53,37,0.281,0.749,N
Lorenzo Cain,2016,Royals,AL,OF,9,56,56,0.287,0.747,N
Adam Jones,2016,Orioles,AL,OF,29,86,83,0.265,0.746,N
Kevin Kiermaier,2016,Rays,AL,OF,12,55,37,0.246,0.741,N
Nomar Mazara,2016,Rangers,AL,OF,20,59,64,0.266,0.739,N
Nori Aoki,2016,Mariners,AL,OF,4,63,28,0.283,0.738,N
Paulo Orlando,2016,Royals,AL,OF,5,52,43,0.302,0.734,N
Max Kepler,2016,Twins,AL,OF,17,52,63,0.235,0.734,N
Ryan Rua,2016,Rangers,AL,OF,8,40,22,0.258,0.731,N
Jarrod Dyson,2016,Royals,AL,OF,1,46,25,0.278,0.728,N
Eddie Rosario,2016,Twins,AL,OF,10,52,32,0.269,0.716,N
Byron Buxton,2016,Twins,AL,OF,10,44,38,0.225,0.714,N
Steven Souza Jr.,2016,Rays,AL,OF,17,58,49,0.247,0.713,N
Brett Gardner,2016,Yankees,AL,OF,7,80,41,0.261,0.713,N
Brock Holt,2016,Red Sox,AL,OF,7,45,34,0.255,0.705,N
Jacoby Ellsbury,2016,Yankees,AL,OF,9,71,56,0.263,0.703,N
Coco Crisp,2016,Athletics,AL,OF,13,54,55,0.231,0.698,N
Joey Rickard,2016,Orioles,AL,OF,5,32,19,0.268,0.696,N
Rajai Davis,2016,Indians,AL,OF,12,74,48,0.249,0.693,N
Alex Gordon,2016,Royals,AL,OF,17,62,40,0.22,0.692,N
Avisail Garcia,2016,White Sox,AL,OF,12,59,51,0.245,0.692,N
Leonys Martin,2016,Mariners,AL,OF,15,72,47,0.247,0.684,N
Ezequiel Carrera,2016,Blue Jays,AL,OF,6,47,23,0.248,0.679,N
Kevin Pillar,2016,Blue Jays,AL,OF,7,59,53,0.266,0.679,N
Nolan Reimold,2016,Orioles,AL,OF,6,25,15,0.222,0.664,N
Austin Jackson,2016,White Sox,AL,OF,0,24,18,0.254,0.661,N
Jake Smolinski,2016,Athletics,AL,OF,7,28,27,0.238,0.644,N
Colby Rasmus,2016,Astros,AL,OF,15,38,54,0.206,0.641,N
Oswaldo Arcia,2016,Rays,AL,OF,8,17,23,0.203,0.637,N
Desmond Jennings,2016,Rays,AL,OF,7,22,20,0.2,0.631,N
Brett Eibner,2016,Athletics,AL,OF,6,21,22,0.193,0.619,N
Shawn O'Malley,2016,Mariners,AL,OF,2,24,17,0.229,0.618,N
Aaron Hicks,2016,Yankees,AL,OF,8,32,31,0.217,0.617,N
Chris Coghlan,2016,Athletics,AL,OF,6,35,30,0.188,0.608,N
Danny Santana,2016,Twins,AL,OF,2,29,14,0.24,0.606,N
Jake Marisnick,2016,Astros,AL,OF,5,40,21,0.209,0.588,N
Delino DeShields,2016,Rangers,AL,OF,4,36,13,0.209,0.588,N
Rafael Ortega,2016,Angels,AL,OF,1,24,16,0.232,0.575,N
Billy Burns,2016,Athletics,AL,OF,0,39,13,0.235,0.566,N
JB Shuck,2016,White Sox,AL,OF,4,27,14,0.205,0.547,N
Kris Bryant,2016,Cubs,NL,OF,39,121,102,0.292,0.939,N
Trea Turner,2016,Nationals,NL,OF,13,53,40,0.342,0.937,N
Charlie Blackmon,2016,Rockies,NL,OF,29,111,82,0.324,0.933,Y
Ryan Braun,2016,Brewers,NL,OF,30,80,91,0.305,0.903,N
Yoenis Cespedes,2016,Mets,NL,OF,31,72,86,0.28,0.884,Y
Matt Joyce,2016,Pirates,NL,OF,13,45,42,0.242,0.866,N
Christian Yelich,2016,Marlins,NL,OF,21,78,98,0.298,0.859,Y
David Dahl,2016,Rockies,NL,OF,7,42,24,0.315,0.859,N
Carlos Gonzalez,2016,Rockies,NL,OF,25,87,100,0.298,0.855,N
Joc Pederson,2016,Dodgers,NL,OF,25,64,68,0.246,0.847,N
Willson Contreras,2016,Cubs,NL,OF,12,33,35,0.282,0.845,N
Dexter Fowler,2016,Cubs,NL,OF,13,84,48,0.276,0.84,N
Ben Zobrist,2016,Cubs,NL,OF,18,94,76,0.272,0.831,N
Yasmany Tomas,2016,Diamondbacks,NL,OF,31,72,83,0.272,0.82,N
Starling Marte,2016,Pirates,NL,OF,9,71,46,0.311,0.818,N
Jay Bruce,2016,Reds,NL,OF,33,74,99,0.25,0.815,N
Giancarlo Stanton,2016,Marlins,NL,OF,27,56,74,0.24,0.815,N
Bryce Harper,2016,Nationals,NL,OF,24,84,86,0.243,0.814,N
Hunter Pence,2016,Giants,NL,OF,13,58,57,0.289,0.808,N
Matt Kemp,2016,Padres,NL,OF,35,89,108,0.268,0.803,N
Stephen Piscotty,2016,Cardinals,NL,OF,22,86,85,0.273,0.8,N
Curtis Granderson,2016,Mets,NL,OF,30,88,59,0.237,0.799,N
Adam Duvall,2016,Reds,NL,OF,33,85,103,0.241,0.795,N
Domingo Santana,2016,Brewers,NL,OF,11,34,32,0.256,0.792,N
Alex Dickerson,2016,Padres,NL,OF,10,39,37,0.257,0.788,N
Brandon Drury,2016,Diamondbacks,NL,OF,16,59,53,0.282,0.786,N
Gregory Polanco,2016,Pirates,NL,OF,22,79,86,0.258,0.786,N
Keon Broxton,2016,Brewers,NL,OF,9,28,19,0.242,0.784,N
Brandon Moss,2016,Cardinals,NL,OF,28,66,67,0.225,0.784,N
Matt Holliday,2016,Cardinals,NL,OF,20,48,62,0.246,0.782,N
Odubel Herrera,2016,Phillies,NL,OF,15,87,49,0.286,0.781,N
Rickie Weeks Jr.,2016,Diamondbacks,NL,OF,9,29,27,0.239,0.777,N
Jeremy Hazelbaker,2016,Cardinals,NL,OF,12,35,28,0.235,0.775,N
Marcell Ozuna,2016,Marlins,NL,OF,23,75,76,0.266,0.773,N
Randal Grichuk,2016,Cardinals,NL,OF,24,66,68,0.24,0.769,N
Jorge Soler,2016,Cubs,NL,OF,12,37,31,0.238,0.769,N
Andrew McCutchen,2016,Pirates,NL,OF,24,81,79,0.256,0.766,N
Jose Peraza,2016,Reds,NL,OF,3,25,25,0.324,0.762,N
Scott Schebler,2016,Reds,NL,OF,9,36,40,0.265,0.762,N
Jayson Werth,2016,Nationals,NL,OF,21,84,69,0.244,0.752,N
Angel Pagan,2016,Giants,NL,OF,12,71,55,0.277,0.75,N
Nick Markakis,2016,Braves,NL,OF,13,67,89,0.269,0.744,N
Yasiel Puig,2016,Dodgers,NL,OF,11,45,45,0.263,0.74,N
Trayce Thompson,2016,Dodgers,NL,OF,13,31,32,0.225,0.738,N
Ender Inciarte,2016,Braves,NL,OF,3,85,29,0.291,0.732,N
Chris Owings,2016,Diamondbacks,NL,OF,5,52,49,0.277,0.731,N
Hernan Perez,2016,Brewers,NL,OF,13,50,56,0.272,0.73,N
Ichiro Suzuki,2016,Marlins,NL,OF,1,48,22,0.291,0.73,N
Jon Jay,2016,Padres,NL,OF,2,49,26,0.291,0.728,N
Michael Conforto,2016,Mets,NL,OF,12,38,42,0.22,0.725,N
Matt Szczur,2016,Cubs,NL,OF,5,30,24,0.259,0.712,N
Denard Span,2016,Giants,NL,OF,11,70,53,0.266,0.712,N
Ryan Raburn,2016,Rockies,NL,OF,9,30,30,0.22,0.712,N
Kirk Nieuwenhuis,2016,Brewers,NL,OF,13,38,44,0.209,0.709,N
Melvin Upton Jr.,2016,Padres,NL,OF,20,64,61,0.238,0.693,N
Howie Kendrick,2016,Dodgers,NL,OF,8,65,40,0.255,0.691,N
Michael Bourn,2016,Diamondbacks,NL,OF,5,48,38,0.264,0.684,N
Carlos Gomez,2016,Brewers,NL,OF,13,45,53,0.231,0.682,N
Mallex Smith,2016,Braves,NL,OF,3,28,22,0.238,0.681,N
Peter Bourjos,2016,Phillies,NL,OF,5,40,23,0.251,0.681,N
Jeff Francoeur,2016,Braves,NL,OF,7,33,34,0.254,0.675,N
Gerardo Parra,2016,Rockies,NL,OF,7,45,39,0.253,0.671,N
Billy Hamilton,2016,Reds,NL,OF,3,69,17,0.26,0.664,N
Michael A. Taylor,2016,Nationals,NL,OF,7,28,16,0.231,0.654,N
Travis Jankowski,2016,Padres,NL,OF,2,53,12,0.245,0.646,N
Cody Asche,2016,Phillies,NL,OF,4,22,18,0.213,0.635,N
Jason Heyward,2016,Cubs,NL,OF,7,61,49,0.23,0.631,N
Tyler Holt,2016,Reds,NL,OF,0,21,13,0.235,0.623,N
Gregor Blanco,2016,Giants,NL,OF,1,28,18,0.224,0.62,N
Alejandro De Aza,2016,Mets,NL,OF,6,31,25,0.205,0.618,N
Enrique Hernandez,2016,Dodgers,NL,OF,7,25,18,0.19,0.607,N
Aaron Altherr,2016,Phillies,NL,OF,4,23,23,0.202,0.597,N
Ben Revere,2016,Nationals,NL,OF,2,44,24,0.217,0.56,N
Ramon Flores,2016,Brewers,NL,OF,2,18,19,0.205,0.555,N
Tyler Goeddel,2016,Phillies,NL,OF,4,17,16,0.192,0.549,N
J.D. Martinez,2018,Red Sox,AL,DH,43,111,130,0.33,1.031,Y
Shohei Ohtani,2018,Angels,AL,DH,22,59,61,0.285,0.925,N
Steve Pearce,2018,Red Sox,AL,DH,11,35,42,0.284,0.89,N
Tyler White,2018,Astros,AL,DH,12,27,42,0.276,0.888,N
Khris Davis,2018,Athletics,AL,DH,48,98,123,0.247,0.874,N
Ji-Man Choi,2018,Rays,AL,DH,10,25,32,0.263,0.863,N
Giancarlo Stanton,2018,Yankees,AL,DH,38,102,100,0.266,0.852,N
Nelson Cruz,2018,Mariners,AL,DH,37,70,97,0.256,0.85,N
C.J. Cron,2018,Rays,AL,DH,30,68,74,0.253,0.816,N
Edwin Encarnacion,2018,Indians,AL,DH,32,74,107,0.246,0.81,N
Shin-Soo Choo,2018,Rangers,AL,DH,21,83,62,0.264,0.81,N
Daniel Palka,2018,White Sox,AL,DH,27,56,67,0.24,0.778,N
Kendrys Morales,2018,Blue Jays,AL,DH,21,47,57,0.249,0.769,N
Tyler Austin,2018,Twins,AL,DH,17,34,47,0.23,0.767,N
Mark Trumbo,2018,Orioles,AL,DH,17,41,44,0.261,0.764,N
Adrian Beltre,2018,Rangers,AL,DH,15,49,65,0.273,0.763,N
Robbie Grossman,2018,Twins,AL,DH,5,50,48,0.273,0.751,N
Matt Davidson,2018,White Sox,AL,DH,20,51,62,0.228,0.738,N
Evan Gattis,2018,Astros,AL,DH,25,49,78,0.226,0.736,N
Lucas Duda,2018,Royals,AL,DH,14,35,50,0.241,0.731,N
Joe Mauer,2018,Twins,AL,DH,6,64,48,0.282,0.729,N
Albert Pujols,2018,Angels,AL,DH,19,50,64,0.245,0.7,N
Victor Martinez,2018,Tigers,AL,DH,9,32,54,0.251,0.651,N
Logan Morrison,2018,Twins,AL,DH,15,41,39,0.186,0.644,N
Victor Reyes,2018,Tigers,AL,DH,1,35,12,0.222,0.526,N
Nelson Cruz,2017,Mariners,AL,DH,39,91,119,0.288,0.924,Y
Adrian Beltre,2017,Rangers,AL,DH,17,47,71,0.312,0.915,N
Edwin Encarnacion,2017,Indians,AL,DH,38,96,107,0.258,0.881,N
Corey Dickerson,2017,Rays,AL,DH,27,84,62,0.282,0.815,N
Shin-Soo Choo,2017,Rangers,AL,DH,22,96,78,0.261,0.78,N
Evan Gattis,2017,Astros,AL,DH,12,41,55,0.263,0.767,N
Kennys Vargas,2017,Twins,AL,DH,11,33,41,0.253,0.758,N
Ryon Healy,2017,Athletics,AL,DH,25,66,78,0.271,0.754,N
Kendrys Morales,2017,Blue Jays,AL,DH,28,67,85,0.25,0.753,N
Hanley Ramirez,2017,Red Sox,AL,DH,23,58,62,0.242,0.75,N
Matt Holliday,2017,Yankees,AL,DH,19,50,64,0.231,0.748,N
Robbie Grossman,2017,Twins,AL,DH,9,62,45,0.246,0.741,N
Matt Davidson,2017,White Sox,AL,DH,26,43,68,0.22,0.711,N
Chris Young,2017,Red Sox,AL,DH,7,30,25,0.235,0.709,N
Brandon Moss,2017,Royals,AL,DH,22,41,50,0.207,0.707,N
Victor Martinez,2017,Tigers,AL,DH,10,38,47,0.255,0.697,N
Mark Trumbo,2017,Orioles,AL,DH,23,79,65,0.234,0.686,N
Albert Pujols,2017,Angels,AL,DH,23,53,101,0.241,0.672,N
Carlos Beltran,2017,Astros,AL,DH,14,60,51,0.231,0.666,N
Gary Sanchez,2016,Yankees,AL,DH,20,34,42,0.299,1.032,N
David Ortiz,2016,Red Sox,AL,DH,38,79,127,0.315,1.021,Y
Nelson Cruz,2016,Mariners,AL,DH,43,96,105,0.287,0.915,N
Edwin Encarnacion,2016,Blue Jays,AL,DH,42,99,127,0.263,0.886,N
Carlos Santana,2016,Indians,AL,DH,34,89,87,0.259,0.865,N
Mark Trumbo,2016,Orioles,AL,DH,47,94,108,0.256,0.85,N
Carlos Beltran,2016,Yankees,AL,DH,29,73,93,0.295,0.85,N
Khris Davis,2016,Athletics,AL,DH,42,85,102,0.247,0.831,N
Evan Gattis,2016,Astros,AL,DH,32,58,72,0.251,0.826,N
Pedro Alvarez,2016,Orioles,AL,DH,22,43,49,0.249,0.826,N
Victor Martinez,2016,Tigers,AL,DH,27,65,86,0.289,0.826,N
Mike Napoli,2016,Indians,AL,DH,34,92,101,0.239,0.8,N
Kendrys Morales,2016,Royals,AL,DH,30,65,93,0.263,0.795,N
Miguel Sano,2016,Twins,AL,DH,25,57,66,0.236,0.781,N
Albert Pujols,2016,Angels,AL,DH,31,71,119,0.268,0.78,N
Corey Dickerson,2016,Rays,AL,DH,24,57,70,0.245,0.761,N
Billy Butler,2016,Athletics,AL,DH,5,27,35,0.284,0.752,N
Joe Mauer,2016,Twins,AL,DH,11,68,49,0.261,0.752,N
Justin Morneau,2016,White Sox,AL,DH,6,16,25,0.261,0.731,N
Avisail Garcia,2016,White Sox,AL,DH,12,59,51,0.245,0.692,N
Byung-ho Park,2016,Twins,AL,DH,12,28,24,0.191,0.684,N
Prince Fielder,2016,Rangers,AL,DH,8,29,44,0.212,0.626,N
Alex Rodriguez,2016,Yankees,AL,DH,9,19,31,0.2,0.598,N
German Marquez,2018,Rockies,NL,P,1,4,5,0.3,0.65,Y
Clayton Kershaw,2018,Dodgers,NL,P,0,1,7,0.239,0.622,N
Zack Greinke,2018,Diamondbacks,NL,P,0,6,5,0.234,0.566,N
Max Scherzer,2018,Nationals,NL,P,0,8,6,0.243,0.545,N
Dan Straily,2018,Marlins,NL,P,0,2,1,0.161,0.544,N
Tyson Ross,2018,Padres,NL,P,1,2,4,0.195,0.478,N
Tanner Roark,2018,Nationals,NL,P,0,6,8,0.19,0.475,N
Vince Velasquez,2018,Phillies,NL,P,0,2,1,0.225,0.475,N
Julio Teheran,2018,Braves,NL,P,1,2,4,0.175,0.44,N
Patrick Corbin,2018,Diamondbacks,NL,P,0,1,5,0.197,0.435,N
Zack Wheeler,2018,Mets,NL,P,0,4,4,0.196,0.425,N
Steven Matz,2018,Mets,NL,P,2,2,4,0.109,0.424,N
Miles Mikolas,2018,Cardinals,NL,P,2,4,6,0.143,0.421,N
Jacob deGrom,2018,Mets,NL,P,0,1,5,0.164,0.39,N
Jake Arrieta,2018,Phillies,NL,P,1,3,3,0.133,0.388,N
Jhoulys Chacin,2018,Brewers,NL,P,0,2,1,0.161,0.382,N
Madison Bumgarner,2018,Giants,NL,P,0,2,4,0.159,0.378,N
Walker Buehler,2018,Dodgers,NL,P,0,1,1,0.163,0.363,N
Anthony DeSclafani,2018,Reds,NL,P,1,3,4,0.143,0.357,N
Clayton Richard,2018,Padres,NL,P,1,3,3,0.095,0.346,N
Jack Flaherty,2018,Cardinals,NL,P,0,2,0,0.152,0.34,N
Luke Weaver,2018,Cardinals,NL,P,0,4,2,0.158,0.337,N
Wei-Yin Chen,2018,Marlins,NL,P,0,2,2,0.15,0.325,N
Noah Syndergaard,2018,Mets,NL,P,0,0,3,0.128,0.313,N
Chris Stratton,2018,Giants,NL,P,0,0,5,0.14,0.299,N
Jon Lester,2018,Cubs,NL,P,1,4,9,0.119,0.288,N
Stephen Strasburg,2018,Nationals,NL,P,0,0,1,0.122,0.285,N
Trevor Williams,2018,Pirates,NL,P,0,3,0,0.116,0.272,N
Nick Pivetta,2018,Phillies,NL,P,0,3,1,0.1,0.268,N
Tyler Anderson,2018,Rockies,NL,P,0,7,1,0.1,0.267,N
Luis Castillo,2018,Reds,NL,P,0,4,2,0.102,0.25,N
Zach Eflin,2018,Phillies,NL,P,1,3,1,0.091,0.25,N
Jon Gray,2018,Rockies,NL,P,0,2,2,0.077,0.243,N
Kyle Freeland,2018,Rockies,NL,P,0,5,2,0.092,0.242,N
Gio Gonzalez,2018,Nationals,NL,P,0,3,1,0.078,0.194,N
Kenta Maeda,2018,Dodgers,NL,P,0,0,0,0.094,0.188,N
Rich Hill,2018,Dodgers,NL,P,0,2,2,0.093,0.186,N
Matt Harvey,2018,Reds,NL,P,0,1,1,0.075,0.185,N
Kyle Hendricks,2018,Cubs,NL,P,0,1,1,0.067,0.18,N
Zack Godley,2018,Diamondbacks,NL,P,0,1,1,0.057,0.179,N
Chase Anderson,2018,Brewers,NL,P,0,1,2,0.089,0.178,N
Robbie Ray,2018,Diamondbacks,NL,P,0,2,2,0.077,0.178,N
Jameson Taillon,2018,Pirates,NL,P,0,0,3,0.07,0.174,N
Andrew Suarez,2018,Giants,NL,P,0,1,0,0.064,0.166,N
Jose Quintana,2018,Cubs,NL,P,0,0,0,0.077,0.154,N
Derek Holland,2018,Giants,NL,P,0,2,0,0.057,0.15,N
Sal Romano,2018,Reds,NL,P,0,1,2,0.056,0.139,N
Sean Newcomb,2018,Braves,NL,P,0,3,1,0.044,0.132,N
Aaron Nola,2018,Phillies,NL,P,0,0,4,0.048,0.128,N
Jose Urena,2018,Marlins,NL,P,0,1,1,0.042,0.124,N
Mike Foltynewicz,2018,Braves,NL,P,0,3,4,0.052,0.121,N
Alex Wood,2018,Dodgers,NL,P,0,1,0,0.045,0.091,N
Anibal Sanchez,2018,Braves,NL,P,0,0,0,0.024,0.072,N
Ivan Nova,2018,Pirates,NL,P,0,1,0,0.019,0.038,N
Adam Wainwright,2017,Cardinals,NL,P,2,7,11,0.262,0.731,Y
Ty Blach,2017,Giants,NL,P,1,5,7,0.227,0.627,N
Robbie Ray,2017,Diamondbacks,NL,P,0,5,2,0.245,0.569,N
Taijuan Walker,2017,Diamondbacks,NL,P,1,6,5,0.231,0.553,N
Zack Greinke,2017,Diamondbacks,NL,P,0,4,4,0.21,0.52,N
Jacob deGrom,2017,Mets,NL,P,1,6,4,0.211,0.5,N
Jhoulys Chacin,2017,Padres,NL,P,0,0,4,0.222,0.481,N
Jon Lester,2017,Cubs,NL,P,1,5,6,0.148,0.463,N
Clayton Kershaw,2017,Dodgers,NL,P,0,6,2,0.184,0.449,N
Luis Perdomo,2017,Padres,NL,P,0,3,3,0.109,0.432,N
Carlos Martinez,2017,Cardinals,NL,P,0,5,11,0.177,0.429,N
Max Scherzer,2017,Nationals,NL,P,1,4,5,0.161,0.422,N
Robert Gsellman,2017,Mets,NL,P,0,2,4,0.147,0.415,N
Gerrit Cole,2017,Pirates,NL,P,1,3,3,0.164,0.415,N
Mike Leake,2017,Cardinals,NL,P,0,2,4,0.17,0.411,N
Zach Davies,2017,Brewers,NL,P,0,7,3,0.125,0.403,N
Stephen Strasburg,2017,Nationals,NL,P,2,5,3,0.13,0.401,N
Kyle Freeland,2017,Rockies,NL,P,1,3,2,0.154,0.401,N
German Marquez,2017,Rockies,NL,P,0,4,5,0.178,0.4,N
Patrick Corbin,2017,Diamondbacks,NL,P,0,6,0,0.125,0.37,N
Clayton Richard,2017,Padres,NL,P,1,2,4,0.123,0.36,N
Jake Arrieta,2017,Cubs,NL,P,1,2,5,0.131,0.358,N
Tyler Chatwood,2017,Rockies,NL,P,0,5,2,0.154,0.354,N
John Lackey,2017,Cubs,NL,P,0,2,1,0.132,0.33,N
Jameson Taillon,2017,Pirates,NL,P,0,2,0,0.158,0.316,N
Julio Teheran,2017,Braves,NL,P,0,4,6,0.14,0.307,N
R.A. Dickey,2017,Braves,NL,P,0,0,5,0.148,0.295,N
Matt Moore,2017,Giants,NL,P,0,3,4,0.128,0.291,N
Chase Anderson,2017,Brewers,NL,P,0,1,3,0.135,0.288,N
Kenta Maeda,2017,Dodgers,NL,P,0,2,4,0.128,0.282,N
Rich Hill,2017,Dodgers,NL,P,0,1,4,0.111,0.279,N
Chad Kuhl,2017,Pirates,NL,P,0,2,3,0.104,0.268,N
Jeff Samardzija,2017,Giants,NL,P,1,3,2,0.094,0.266,N
Jon Gray,2017,Rockies,NL,P,1,3,3,0.079,0.26,N
Aaron Nola,2017,Phillies,NL,P,0,3,1,0.083,0.237,N
Gio Gonzalez,2017,Nationals,NL,P,0,3,5,0.091,0.234,N
Jose Urena,2017,Marlins,NL,P,0,3,2,0.104,0.229,N
Jimmy Nelson,2017,Brewers,NL,P,0,0,2,0.105,0.226,N
Kyle Hendricks,2017,Cubs,NL,P,0,3,5,0.1,0.22,N
Lance Lynn,2017,Cardinals,NL,P,0,2,0,0.074,0.218,N
Tanner Roark,2017,Nationals,NL,P,0,1,0,0.091,0.216,N
Johnny Cueto,2017,Giants,NL,P,0,3,3,0.087,0.191,N
Dan Straily,2017,Marlins,NL,P,0,2,1,0.073,0.18,N
Alex Wood,2017,Dodgers,NL,P,0,1,4,0.058,0.15,N
Trevor Williams,2017,Pirates,NL,P,0,1,0,0.049,0.142,N
Zack Godley,2017,Diamondbacks,NL,P,0,1,2,0.048,0.139,N
Nick Pivetta,2017,Phillies,NL,P,0,3,0,0.068,0.136,N
Michael Wacha,2017,Cardinals,NL,P,0,3,3,0.043,0.106,N
Mike Foltynewicz,2017,Braves,NL,P,0,1,0,0.048,0.095,N
Ivan Nova,2017,Pirates,NL,P,0,0,0,0.02,0.039,N
Adam Wainwright,2016,Cardinals,NL,P,2,6,18,0.226,0.734,N
Patrick Corbin,2016,Diamondbacks,NL,P,0,7,4,0.306,0.728,N
Jake Arrieta,2016,Cubs,NL,P,2,7,7,0.262,0.72,Y
Noah Syndergaard,2016,Mets,NL,P,3,6,6,0.19,0.673,N
Francisco Liriano,2016,Pirates,NL,P,1,2,5,0.286,0.667,N
Madison Bumgarner,2016,Giants,NL,P,3,8,9,0.186,0.629,N
Joe Ross,2016,Nationals,NL,P,0,2,1,0.244,0.588,N
Jose Fernandez,2016,Marlins,NL,P,0,3,6,0.25,0.553,N
Jason Hammel,2016,Cubs,NL,P,0,6,7,0.246,0.55,N
Gerrit Cole,2016,Pirates,NL,P,1,3,3,0.2,0.52,N
Junior Guerra,2016,Brewers,NL,P,0,2,0,0.229,0.514,N
Carlos Martinez,2016,Cardinals,NL,P,0,5,6,0.237,0.5,N
Robbie Ray,2016,Diamondbacks,NL,P,1,3,2,0.189,0.487,N
Zack Greinke,2016,Diamondbacks,NL,P,0,4,3,0.212,0.476,N
Stephen Strasburg,2016,Nationals,NL,P,0,3,2,0.208,0.469,N
Tyler Chatwood,2016,Rockies,NL,P,0,3,4,0.189,0.445,N
Vince Velasquez,2016,Phillies,NL,P,0,4,0,0.2,0.445,N
Julio Teheran,2016,Braves,NL,P,0,1,2,0.204,0.444,N
Steven Matz,2016,Mets,NL,P,0,0,2,0.139,0.442,N
Jorge De La Rosa,2016,Rockies,NL,P,0,4,6,0.184,0.428,N
Andrew Cashner,2016,Padres,NL,P,0,3,1,0.176,0.42,N
Jeremy Hellickson,2016,Phillies,NL,P,0,3,4,0.167,0.409,N
Max Scherzer,2016,Nationals,NL,P,0,4,12,0.186,0.408,N
Tyler Anderson,2016,Rockies,NL,P,1,1,3,0.114,0.405,N
Jeff Samardzija,2016,Giants,NL,P,0,4,9,0.156,0.399,N
Clayton Kershaw,2016,Dodgers,NL,P,0,2,3,0.174,0.387,N
Jaime Garcia,2016,Cardinals,NL,P,0,3,4,0.171,0.375,N
Jon Gray,2016,Rockies,NL,P,0,2,4,0.149,0.375,N
Jacob deGrom,2016,Mets,NL,P,0,6,2,0.143,0.367,N
Mike Leake,2016,Cardinals,NL,P,0,3,4,0.143,0.356,N
Wily Peralta,2016,Brewers,NL,P,1,2,6,0.128,0.356,N
Jon Lester,2016,Cubs,NL,P,0,3,6,0.102,0.337,N
Luis Perdomo,2016,Padres,NL,P,0,1,1,0.132,0.333,N
Kenta Maeda,2016,Dodgers,NL,P,1,5,4,0.123,0.331,N
Tanner Roark,2016,Nationals,NL,P,0,1,3,0.125,0.329,N
Mike Foltynewicz,2016,Braves,NL,P,0,3,1,0.139,0.329,N
Jerad Eickhoff,2016,Phillies,NL,P,0,4,5,0.131,0.325,N
Gio Gonzalez,2016,Nationals,NL,P,0,1,2,0.135,0.321,N
Matt Wisler,2016,Braves,NL,P,0,2,2,0.152,0.319,N
Brandon Finnegan,2016,Reds,NL,P,0,4,2,0.113,0.312,N
Kyle Hendricks,2016,Cubs,NL,P,0,1,2,0.138,0.305,N
Anthony DeSclafani,2016,Reds,NL,P,0,0,1,0.122,0.289,N
Bartolo Colon,2016,Mets,NL,P,1,4,2,0.083,0.265,N
Adam Conley,2016,Marlins,NL,P,0,4,3,0.122,0.261,N
Scott Kazmir,2016,Dodgers,NL,P,0,3,2,0.116,0.253,N
Johnny Cueto,2016,Giants,NL,P,0,1,5,0.114,0.251,N
John Lackey,2016,Cubs,NL,P,0,1,2,0.095,0.25,N
Chase Anderson,2016,Brewers,NL,P,0,3,1,0.089,0.217,N
Tom Koehler,2016,Marlins,NL,P,0,1,4,0.098,0.213,N
Zach Davies,2016,Brewers,NL,P,0,2,1,0.094,0.205,N
Jimmy Nelson,2016,Brewers,NL,P,0,1,3,0.08,0.195,N
Christian Friedrich,2016,Padres,NL,P,0,2,2,0.054,0.179,N
Chad Bettis,2016,Rockies,NL,P,0,2,2,0.041,0.154,N
Archie Bradley,2016,Diamondbacks,NL,P,0,2,4,0.07,0.138,N
Michael Wacha,2016,Cardinals,NL,P,0,1,0,0.026,0.121,N
Dan Straily,2016,Reds,NL,P,0,2,1,0.019,0.075,N
Wei-Yin Chen,2016,Marlins,NL,P,0,0,0,0,0,N